rcDate,rcDay,meet,rcNo,rcName,rcDist,rank,budam,prizeCond,ageCond,sexCond,chulNo,hrNo,hrName,hrNameEn,name,age,sex,ilsu,rating,wgBudam,jkNo,jkName,trNo,trName,owNo,owName,chaksun1,chaksun2,chaksun3,chaksun4,chaksun5
20260828,금요일,부산경남,1,일반,1000,국6등급,별정A,R0~0,2세,암,1,0057333,퍼플퀸,PURPLE QUEEN,한국,2,암,65,0,52.5,080605,서강주,070086,권승주,121053,퍼플라인,24750000,9900000,6300000,2250000,1800000
20260828,금요일,부산경남,1,일반,1000,국6등급,별정A,R0~0,2세,암,2,0055212,미스팰컨,MISS FALCON,한국,2,암,65,0,52.5,080566,최은경,070173,구민성,124010,럭키,24750000,9900000,6300000,2250000,1800000
20260828,금요일,부산경남,1,일반,1000,국6등급,별정A,R0~0,2세,암,3,0055899,그레이윈드,GREY WIND,한국,2,암,65,0,52.5,080568,다실바,070176,구영준,117054,하늬바람,24750000,9900000,6300000,2250000,1800000
20260828,금요일,부산경남,1,일반,1000,국6등급,별정A,R0~0,2세,암,4,0055986,천년여제,CHEONNYEON YEOJE,한국,2,암,65,0,52.5,080580,전진구,070291,유현명,112274,송승규,24750000,9900000,6300000,2250000,1800000
20260828,금요일,부산경남,1,일반,1000,국6등급,별정A,R0~0,2세,암,5,0055923,레이스나인,RACE NINE,한국,2,암,65,0,52.5,080484,서승운,070186,라이스,115007,조영철,24750000,9900000,6300000,2250000,1800000
20260828,금요일,부산경남,1,일반,1000,국6등급,별정A,R0~0,2세,암,6,0055874,비트원,BEAT WON,한국,2,암,65,0,52.5,080421,송경윤,070223,강은석,123017,양진영,24750000,9900000,6300000,2250000,1800000
20260828,금요일,부산경남,1,일반,1000,국6등급,별정A,R0~0,2세,암,7,0056800,에어나이스,AIR NICE,한국,2,암,65,0,52.5,080122,신형철,070137,조용배,106272,김근영,24750000,9900000,6300000,2250000,1800000
20260828,금요일,부산경남,1,일반,1000,국6등급,별정A,R0~0,2세,암,8,0055283,오아시스셀럽,OASIS CELEB,한국,2,암,65,0,52.5,080565,정도윤,070130,백광열,105127,이종훈,24750000,9900000,6300000,2250000,1800000
20260828,금요일,부산경남,2,일반,1600,국6등급,별정A,R0~0,연령오픈,성별오픈,1,0053787,신흥강타자,SINHEUNG GANGTAJA,한국,3,거,65,0,56,080122,신형철,070137,조용배,201751,차청일,16500000,6600000,4200000,1500000,1200000
20260828,금요일,부산경남,2,일반,1600,국6등급,별정A,R0~0,연령오픈,성별오픈,2,0056976,영광의크라운,YEONGGWANGUICROWN,한국,2,암,65,0,52.5,080546,박재이,070223,강은석,110048,변창덕,16500000,6600000,4200000,1500000,1200000
20260828,금요일,부산경남,2,일반,1600,국6등급,별정A,R0~0,연령오픈,성별오픈,3,0053805,원플러스원,ONE PLUS ONE,한국,3,거,65,0,56,080421,송경윤,070263,양영남,103007,박웅진,16500000,6600000,4200000,1500000,1200000
20260828,금요일,부산경남,2,일반,1600,국6등급,별정A,R0~0,연령오픈,성별오픈,4,0056196,용비천마,YONGBI CHEONMA,한국,2,수,65,0,54.5,080484,서승운,070250,김도현,122013,정성진,16500000,6600000,4200000,1500000,1200000
20260828,금요일,부산경남,2,일반,1600,국6등급,별정A,R0~0,연령오픈,성별오픈,5,0053628,지롤시대,GIROL SIDAE,한국,3,암,65,0,54,080483,유광희,070136,민장기,010644,장철환,16500000,6600000,4200000,1500000,1200000
20260828,금요일,부산경남,2,일반,1600,국6등급,별정A,R0~0,연령오픈,성별오픈,6,0053916,타이거어퍼컷,TIGER UPPERCUT,한국,3,거,65,0,56,080565,정도윤,070291,유현명,112270,김형란,16500000,6600000,4200000,1500000,1200000
20260828,금요일,부산경남,2,일반,1600,국6등급,별정A,R0~0,연령오픈,성별오픈,7,0052136,위스트롱,WE STRONG,한국,4,암,65,0,54,080580,전진구,070137,조용배,121053,퍼플라인,16500000,6600000,4200000,1500000,1200000
20260828,금요일,부산경남,2,일반,1600,국6등급,별정A,R0~0,연령오픈,성별오픈,8,0053371,포에버로드,FOREVER ROAD,한국,3,암,65,0,52,080610,이홍락,070134,강형곤,121058,하나레저,16500000,6600000,4200000,1500000,1200000
20260828,금요일,부산경남,2,일반,1600,국6등급,별정A,R0~0,연령오픈,성별오픈,9,0056540,닥터에이트,DOCTOR ATE,한국,2,수,65,0,54.5,080562,이동하,070130,백광열,117002,권혁희,16500000,6600000,4200000,1500000,1200000
20260828,금요일,부산경남,2,일반,1600,국6등급,별정A,R0~0,연령오픈,성별오픈,10,0054004,레드킹,RED KING,한국,3,수,65,0,53,080620,손경민,070086,권승주,123003,정우종합건설(주),16500000,6600000,4200000,1500000,1200000
20260828,금요일,부산경남,2,일반,1600,국6등급,별정A,R0~0,연령오픈,성별오픈,11,0053938,챔프의향기,CHAMPUI HYANGGI,한국,3,암,65,0,54,080566,최은경,070128,임금만,112004,류주영,16500000,6600000,4200000,1500000,1200000
20260828,금요일,부산경남,3,일반,1400,국5등급,핸디캡,R1~35,연령오픈,성별오픈,1,0053485,베스트타이거,BEST TIGER,한국,3,거,65,30,51.5,080620,손경민,070249,문현철,125014,(주)메타플렉스,24750000,9900000,6300000,2250000,1800000
20260828,금요일,부산경남,3,일반,1400,국5등급,핸디캡,R1~35,연령오픈,성별오픈,2,0053154,보령의신용,BORYEONGUI SINYONG,한국,3,암,65,35,55,080565,정도윤,070291,유현명,104077,최원길,24750000,9900000,6300000,2250000,1800000
20260828,금요일,부산경남,3,일반,1400,국5등급,핸디캡,R1~35,연령오픈,성별오픈,3,0052899,플렉스칸,FLEX KHAN,한국,3,수,65,28,53.5,080566,최은경,070136,민장기,105022,송문관,24750000,9900000,6300000,2250000,1800000
20260828,금요일,부산경남,3,일반,1400,국5등급,핸디캡,R1~35,연령오픈,성별오픈,4,0053841,닥터에이스,DOCTOR ACE,한국,3,수,65,25,52.5,080605,서강주,070130,백광열,117002,권혁희,24750000,9900000,6300000,2250000,1800000
20260828,금요일,부산경남,3,일반,1400,국5등급,핸디캡,R1~35,연령오픈,성별오픈,5,0051666,남해매직,NAMHAE MAGIC,한국,4,수,65,29,54,080551,진겸,070128,임금만,104146,김갑수,24750000,9900000,6300000,2250000,1800000
20260828,금요일,부산경남,3,일반,1400,국5등급,핸디캡,R1~35,연령오픈,성별오픈,6,0047545,앨리스마린,ALICE MARINE,한국,5,암,65,31,53,080421,송경윤,070263,양영남,112286,이경희,24750000,9900000,6300000,2250000,1800000
20260828,금요일,부산경남,3,일반,1400,국5등급,핸디캡,R1~35,연령오픈,성별오픈,7,0054866,월드트리,WORLD TREE,한국,3,거,65,30,54.5,080562,이동하,070302,손병철,113127,김지열,24750000,9900000,6300000,2250000,1800000
20260828,금요일,부산경남,3,일반,1400,국5등급,핸디캡,R1~35,연령오픈,성별오픈,8,0046391,하늘불패,HANEUL BULPAE,한국,6,수,65,35,57,080532,채상현,070226,박재호,104127,허도행,24750000,9900000,6300000,2250000,1800000
20260828,금요일,부산경남,3,일반,1400,국5등급,핸디캡,R1~35,연령오픈,성별오픈,9,0045997,투투플라잉,TWOTWO FLYING,한국,6,암,65,31,53,080122,신형철,070137,조용배,201751,차청일,24750000,9900000,6300000,2250000,1800000
20260828,금요일,부산경남,3,일반,1400,국5등급,핸디캡,R1~35,연령오픈,성별오픈,10,0050744,달빛위에,DALBITWIE,한국,4,거,65,26,52.5,080568,다실바,070194,토마스,065127,페가수스,24750000,9900000,6300000,2250000,1800000
20260828,금요일,부산경남,3,일반,1400,국5등급,핸디캡,R1~35,연령오픈,성별오픈,11,0051626,퀸더골드,QUEEN THE GOLD,한국,4,암,65,24,52.5,080431,이성재,070086,권승주,112288,조창환,24750000,9900000,6300000,2250000,1800000
20260828,금요일,부산경남,4,일반,1300,국5등급,핸디캡,R1~35,연령오픈,성별오픈,1,0053814,가온보스,GAON BOSS,미국,5,거,65,30,54.5,080568,다실바,070136,민장기,119001,강호남,24750000,9900000,6300000,2250000,1800000
20260828,금요일,부산경남,4,일반,1300,국5등급,핸디캡,R1~35,연령오픈,성별오픈,2,0053973,태평플렉스,TAEPYEONG FLEX,한국,3,암,65,25,52.5,080606,신윤섭,070143,하무선,121013,에스지이건설,24750000,9900000,6300000,2250000,1800000
20260828,금요일,부산경남,4,일반,1300,국5등급,핸디캡,R1~35,연령오픈,성별오픈,3,0054672,무쌍의반석,MUSSANGUI BANSEOK,미국,4,거,65,34,56.5,080580,전진구,070263,양영남,104134,임병효,24750000,9900000,6300000,2250000,1800000
20260828,금요일,부산경남,4,일반,1300,국5등급,핸디캡,R1~35,연령오픈,성별오픈,4,1411561,피노파워,PINOT POWER,한국,5,거,65,25,52.5,080431,이성재,070086,권승주,113119,강봉한,24750000,9900000,6300000,2250000,1800000
20260828,금요일,부산경남,4,일반,1300,국5등급,핸디캡,R1~35,연령오픈,성별오픈,5,0052902,최강해피,CHOEGANG HAPPY,한국,3,수,65,26,52.5,080438,조인권,070134,강형곤,105008,전종섭,24750000,9900000,6300000,2250000,1800000
20260828,금요일,부산경남,4,일반,1300,국5등급,핸디캡,R1~35,연령오픈,성별오픈,6,0051028,하늘폭풍,HANEUL POKPUNG,한국,4,거,65,35,57,080516,다나카,070250,김도현,104127,허도행,24750000,9900000,6300000,2250000,1800000
20260828,금요일,부산경남,4,일반,1300,국5등급,핸디캡,R1~35,연령오픈,성별오픈,7,0051682,배다리보석,BAEDARI BOSEOK,한국,4,암,65,23,52.5,080122,신형철,070137,조용배,110050,송한우,24750000,9900000,6300000,2250000,1800000
20260828,금요일,부산경남,4,일반,1300,국5등급,핸디캡,R1~35,연령오픈,성별오픈,8,0052068,성실시대,SEONGSIL SIDAE,한국,4,암,65,24,51,080612,김성현,070142,방동석,104112,이동훈,24750000,9900000,6300000,2250000,1800000
20260828,금요일,부산경남,4,일반,1300,국5등급,핸디캡,R1~35,연령오픈,성별오픈,9,0047173,뉴리더,NEW LEADER,한국,5,암,65,24,52.5,080423,최시대,070246,손병직,112047,임석수,24750000,9900000,6300000,2250000,1800000
20260828,금요일,부산경남,4,일반,1300,국5등급,핸디캡,R1~35,연령오픈,성별오픈,10,0054760,빅토리스토리,VICTORY STORY,한국,4,거,65,24,52.5,080532,채상현,070301,구현완,121054,혼디,24750000,9900000,6300000,2250000,1800000
20260828,금요일,부산경남,4,일반,1300,국5등급,핸디캡,R1~35,연령오픈,성별오픈,11,0053868,빅스타,BIG STAR,한국,3,암,65,29,52.5,080605,서강주,070086,권승주,106079,이성영,24750000,9900000,6300000,2250000,1800000
20260828,금요일,부산경남,5,일반,1300,국5등급,핸디캡,R1~35,연령오픈,성별오픈,1,0046763,하늘평정,HANEULPYEONGJEONG,한국,5,암,65,23,52.5,080403,김어수,070226,박재호,104127,허도행,24750000,9900000,6300000,2250000,1800000
20260828,금요일,부산경남,5,일반,1300,국5등급,핸디캡,R1~35,연령오픈,성별오픈,2,0053210,모어퀴클리,MORE QUICKLY,한국,3,암,65,25,52.5,080546,박재이,070246,손병직,215356,양일추,24750000,9900000,6300000,2250000,1800000
20260828,금요일,부산경남,5,일반,1300,국5등급,핸디캡,R1~35,연령오픈,성별오픈,3,0053772,용비스카이,YONGBI SKY,한국,3,거,65,29,53,080612,김성현,070250,김도현,122013,정성진,24750000,9900000,6300000,2250000,1800000
20260828,금요일,부산경남,5,일반,1300,국5등급,핸디캡,R1~35,연령오픈,성별오픈,4,0045836,태양으뜸,TAEYANG EUTTEUM,한국,6,암,65,30,52.5,080606,신윤섭,070137,조용배,104112,이동훈,24750000,9900000,6300000,2250000,1800000
20260828,금요일,부산경남,5,일반,1300,국5등급,핸디캡,R1~35,연령오픈,성별오픈,5,0060841,치프블레임,CHIEF BLAME,미국,3,거,65,34,56.5,080122,신형철,070143,하무선,121013,에스지이건설,24750000,9900000,6300000,2250000,1800000
20260828,금요일,부산경남,5,일반,1300,국5등급,핸디캡,R1~35,연령오픈,성별오픈,6,0046930,위라이크머니,WE LIKE MONEY,한국,5,암,65,23,52.5,080580,전진구,070137,조용배,104103,유상호,24750000,9900000,6300000,2250000,1800000
20260828,금요일,부산경남,5,일반,1300,국5등급,핸디캡,R1~35,연령오픈,성별오픈,7,0050929,승리예약,SEUNGNI YEYAK,한국,4,암,65,26,51,080610,이홍락,070134,강형곤,065121,권주순,24750000,9900000,6300000,2250000,1800000
20260828,금요일,부산경남,5,일반,1300,국5등급,핸디캡,R1~35,연령오픈,성별오픈,8,0051035,팀서프라이즈,TEAM SURPRISE,한국,4,암,65,24,52.5,080423,최시대,070086,권승주,105228,박동준,24750000,9900000,6300000,2250000,1800000
20260828,금요일,부산경남,5,일반,1300,국5등급,핸디캡,R1~35,연령오픈,성별오픈,9,0051702,아리온의빛,ARIONUI BIT,한국,4,거,65,34,56.5,080532,채상현,070143,하무선,122021,권진환,24750000,9900000,6300000,2250000,1800000
20260828,금요일,부산경남,5,일반,1300,국5등급,핸디캡,R1~35,연령오픈,성별오픈,10,0051550,홀리데이퀸,HOLIDAY QUEEN,한국,4,암,65,34,54.5,080516,다나카,070250,김도현,111078,이종석,24750000,9900000,6300000,2250000,1800000
20260828,금요일,부산경남,5,일반,1300,국5등급,핸디캡,R1~35,연령오픈,성별오픈,11,0052791,캐럿킹,CARAT KING,한국,3,수,65,27,53,080605,서강주,070086,권승주,110058,손병철,24750000,9900000,6300000,2250000,1800000
20260828,금요일,부산경남,6,일반,1200,국4등급,핸디캡,R1~50,연령오픈,성별오픈,1,0053009,대로의빛,DAEROUI BIT,한국,3,암,65,42,52.5,080431,이성재,070086,권승주,124041,이경헌,33000000,13200000,8400000,3000000,2400000
20260828,금요일,부산경남,6,일반,1200,국4등급,핸디캡,R1~50,연령오픈,성별오픈,2,0053007,올더베스트,ALL THE BEST,한국,3,암,65,45,54,080562,이동하,070130,백광열,103007,박웅진,33000000,13200000,8400000,3000000,2400000
20260828,금요일,부산경남,6,일반,1200,국4등급,핸디캡,R1~50,연령오픈,성별오픈,3,1412327,진주빛,JINJU BIT,한국,5,암,65,40,52.5,080421,송경윤,070129,최기홍,124041,이경헌,33000000,13200000,8400000,3000000,2400000
20260828,금요일,부산경남,6,일반,1200,국4등급,핸디캡,R1~50,연령오픈,성별오픈,4,0051088,탐라퍼스트,TAMNA FIRST,한국,4,수,65,38,52.5,080565,정도윤,070249,문현철,117003,김영순,33000000,13200000,8400000,3000000,2400000
20260828,금요일,부산경남,6,일반,1200,국4등급,핸디캡,R1~50,연령오픈,성별오픈,5,0053766,러너스하이,RUNNERS HIGH,한국,3,수,65,45,56,080438,조인권,070142,방동석,112016,박의주,33000000,13200000,8400000,3000000,2400000
20260828,금요일,부산경남,6,일반,1200,국4등급,핸디캡,R1~50,연령오픈,성별오픈,6,0047187,상하이선더,SHANGHAI THUNDER,한국,5,수,65,44,55.5,080568,다실바,070136,민장기,104096,김욱수,33000000,13200000,8400000,3000000,2400000
20260828,금요일,부산경남,6,일반,1200,국4등급,핸디캡,R1~50,연령오픈,성별오픈,7,0053701,레전드히트,LEGEND HIT,한국,3,수,65,48,57.5,080566,최은경,070142,방동석,106289,김준현,33000000,13200000,8400000,3000000,2400000
20260828,금요일,부산경남,6,일반,1200,국4등급,핸디캡,R1~50,연령오픈,성별오픈,8,0053861,비케이스피릿,B K. SPIRIT,한국,3,암,65,39,52.5,080551,진겸,070134,강형곤,109142,함승원,33000000,13200000,8400000,3000000,2400000
20260828,금요일,부산경남,6,일반,1200,국4등급,핸디캡,R1~50,연령오픈,성별오픈,9,0051722,퀸스파이시,QUEEN SPICY,한국,4,암,65,45,54,080546,박재이,070223,강은석,105119,고재완,33000000,13200000,8400000,3000000,2400000
20260828,금요일,부산경남,6,일반,1200,국4등급,핸디캡,R1~50,연령오픈,성별오픈,10,0051975,오아시스위키,OASIS WICKY,한국,4,거,65,44,55.5,080423,최시대,070130,백광열,117004,이장현,33000000,13200000,8400000,3000000,2400000
20260828,금요일,부산경남,6,일반,1200,국4등급,핸디캡,R1~50,연령오픈,성별오픈,11,0044888,밀크데이,MILK DAY,한국,7,수,65,36,52.5,080122,신형철,070137,조용배,106272,김근영,33000000,13200000,8400000,3000000,2400000
20260828,금요일,부산경남,7,일반,1800,혼4등급,핸디캡,R0~50,연령오픈,성별오픈,1,0054679,프라임록,PRIME ROCK,미국,4,거,65,36,52.5,080403,김어수,070223,강은석,104123,곽종수,33000000,13200000,8400000,3000000,2400000
20260828,금요일,부산경남,7,일반,1800,혼4등급,핸디캡,R0~50,연령오픈,성별오픈,2,0054798,장고맨,JANGGO MAN,한국,3,수,65,45,55.5,080421,송경윤,070136,민장기,112286,이경희,33000000,13200000,8400000,3000000,2400000
20260828,금요일,부산경남,7,일반,1800,혼4등급,핸디캡,R0~50,연령오픈,성별오픈,3,0046458,스타파크,STAR PARK,한국,6,거,65,37,52.5,080122,신형철,070137,조용배,106043,김무현,33000000,13200000,8400000,3000000,2400000
20260828,금요일,부산경남,7,일반,1800,혼4등급,핸디캡,R0~50,연령오픈,성별오픈,4,0054188,헤이브로,HEY BRO,한국,3,수,65,37,52.5,080566,최은경,070194,토마스,112290,박병현,33000000,13200000,8400000,3000000,2400000
20260828,금요일,부산경남,7,일반,1800,혼4등급,핸디캡,R0~50,연령오픈,성별오픈,5,0053056,운주매직,UNJU MAGIC,한국,3,수,65,38,52.5,080423,최시대,070086,권승주,118013,부수선,33000000,13200000,8400000,3000000,2400000
20260828,금요일,부산경남,7,일반,1800,혼4등급,핸디캡,R0~50,연령오픈,성별오픈,6,0051228,올라운드원,ALL ROUND ONE,한국,4,거,65,41,53.5,080516,다나카,070180,안우성,118011,김혜진,33000000,13200000,8400000,3000000,2400000
20260828,금요일,부산경남,7,일반,1800,혼4등급,핸디캡,R0~50,연령오픈,성별오픈,7,0058203,토함산소닉,TOHAMSAN SONIC,일본,3,수,65,42,54,080562,이동하,070130,백광열,103007,박웅진,33000000,13200000,8400000,3000000,2400000
20260828,금요일,부산경남,7,일반,1800,혼4등급,핸디캡,R0~50,연령오픈,성별오픈,8,0051840,바벨모모,BARBELL MOMO,한국,4,수,65,48,54,080620,손경민,070250,김도현,113133,김명환,33000000,13200000,8400000,3000000,2400000
20260828,금요일,부산경남,7,일반,1800,혼4등급,핸디캡,R0~50,연령오픈,성별오픈,9,0053623,매직미러,MAGIC MIRROR,한국,3,거,65,48,57,080565,정도윤,070128,임금만,112292,신윤경,33000000,13200000,8400000,3000000,2400000
20260828,금요일,부산경남,7,일반,1800,혼4등급,핸디캡,R0~50,연령오픈,성별오픈,10,0053190,스카일러지유,SKYLOR JIYOU,한국,3,수,65,43,54.5,080484,서승운,070249,문현철,123011,류민수,33000000,13200000,8400000,3000000,2400000
20260828,금요일,부산경남,7,일반,1800,혼4등급,핸디캡,R0~50,연령오픈,성별오픈,11,0046079,무등산,MUDEUNGSAN,미국,7,거,65,42,54,080605,서강주,070223,강은석,121052,희망홀스,33000000,13200000,8400000,3000000,2400000
20260828,금요일,부산경남,8,일반,1400,국3등급,핸디캡,R1~65,연령오픈,암,1,0045399,아무르,AMUR,한국,6,암,65,53,52.5,080421,송경윤,070301,구현완,104131,박광순,41250000,16500000,10500000,3750000,3000000
20260828,금요일,부산경남,8,일반,1400,국3등급,핸디캡,R1~65,연령오픈,암,2,0053366,모멘텀,MOMENTUM,한국,3,암,65,58,55,080484,서승운,070143,하무선,121063,투애니포,41250000,16500000,10500000,3750000,3000000
20260828,금요일,부산경남,8,일반,1400,국3등급,핸디캡,R1~65,연령오픈,암,3,0050699,유니언챔프,UNION CHAMP,한국,4,암,65,54,53,080565,정도윤,070249,문현철,112004,류주영,41250000,16500000,10500000,3750000,3000000
20260828,금요일,부산경남,8,일반,1400,국3등급,핸디캡,R1~65,연령오픈,암,4,0046218,대호나라,DAEHO NARA,한국,6,암,65,56,54,080546,박재이,070223,강은석,105119,고재완,41250000,16500000,10500000,3750000,3000000
20260828,금요일,부산경남,8,일반,1400,국3등급,핸디캡,R1~65,연령오픈,암,5,0047478,금아프리시드,GEUMA PRECEDE,한국,5,암,65,51,52.5,080551,진겸,070141,이상영,117038,금아산업(주),41250000,16500000,10500000,3750000,3000000
20260828,금요일,부산경남,8,일반,1400,국3등급,핸디캡,R1~65,연령오픈,암,6,0051928,월드블루핀캣,WORLD BLUE PIN CAT,한국,4,암,65,48,52.5,080438,조인권,070142,방동석,104100,윤지중,41250000,16500000,10500000,3750000,3000000
20260828,금요일,부산경남,8,일반,1400,국3등급,핸디캡,R1~65,연령오픈,암,7,0051989,퀸티케,QUEEN TYCHE,한국,4,암,65,62,57,080431,이성재,070086,권승주,110058,손병철,41250000,16500000,10500000,3750000,3000000
20260828,금요일,부산경남,8,일반,1400,국3등급,핸디캡,R1~65,연령오픈,암,8,0053534,클리어리위너,CLEARLY WINNER,한국,3,암,65,56,54,080568,다실바,070176,구영준,110056,신우철,41250000,16500000,10500000,3750000,3000000
20260828,금요일,부산경남,8,일반,1400,국3등급,핸디캡,R1~65,연령오픈,암,9,0046933,컬럼비아챔프,COLUMBIA CHAMP,한국,5,암,65,51,51,080620,손경민,070086,권승주,118028,백용덕,41250000,16500000,10500000,3750000,3000000
20260828,금요일,제주,1,일반,900,제6등급,별정A,700만원 미만,4세이하,성별오픈,1,3107913,영웅대정,YEONGUNGDAEJEONG,한국,3,거,67,0,55,003084,김한남,002038,김길홍,124022,차동헌,7000000,3220000,2100000,980000,700000
20260828,금요일,제주,1,일반,900,제6등급,별정A,700만원 미만,4세이하,성별오픈,2,3107314,서유기,SEOYUGI,한국,3,수,67,0,55,003044,정명일,002023,한상배,118025,강재필,7000000,3220000,2100000,980000,700000
20260828,금요일,제주,1,일반,900,제6등급,별정A,700만원 미만,4세이하,성별오픈,3,3104324,수리수리,SURISURI,한국,4,암,67,0,55,003073,김다영,002039,문성호,124018,김민규,7000000,3220000,2100000,980000,700000
20260828,금요일,제주,1,일반,900,제6등급,별정A,700만원 미만,4세이하,성별오픈,4,3108168,청운질주,CHEONGUNJILJU,한국,3,암,67,0,55,003082,김홍권,002033,강영진,001184,강학민,7000000,3220000,2100000,980000,700000
20260828,금요일,제주,1,일반,900,제6등급,별정A,700만원 미만,4세이하,성별오픈,5,3107903,만광,MANGWANG,한국,3,수,67,0,55,003077,강수한,002038,김길홍,001112,조창규,7000000,3220000,2100000,980000,700000
20260828,금요일,제주,1,일반,900,제6등급,별정A,700만원 미만,4세이하,성별오픈,6,3109223,명품대로,MYEONGPUMDAERO,한국,2,수,67,0,55,003081,김준호,002036,강태종,214799,강기정,7000000,3220000,2100000,980000,700000
20260828,금요일,제주,1,일반,900,제6등급,별정A,700만원 미만,4세이하,성별오픈,7,3108666,만리질주,MALLIJILJU,한국,2,암,67,0,55,003058,한영민,002032,김태준,206028,김기준,7000000,3220000,2100000,980000,700000
20260828,금요일,제주,1,일반,900,제6등급,별정A,700만원 미만,4세이하,성별오픈,8,3107584,대운,DAEUN,한국,3,암,67,0,55,003087,임재광,002021,윤덕상,206025,현태송,7000000,3220000,2100000,980000,700000
20260828,금요일,제주,1,일반,900,제6등급,별정A,700만원 미만,4세이하,성별오픈,9,3107828,직진기,JIKJINGI,한국,3,암,67,0,55,003094,곽석,002042,김대연,116020,홍규식,7000000,3220000,2100000,980000,700000
20260828,금요일,제주,1,일반,900,제6등급,별정A,700만원 미만,4세이하,성별오픈,10,3107905,색달신화,SAEKDALSINHWA,한국,3,암,67,0,55,003075,원유일,002041,윤호상,116007,강승호,7000000,3220000,2100000,980000,700000
20260828,금요일,제주,2,일반,900,제6등급,별정A,700만원 미만,4세이하,성별오픈,1,3107491,백두명성,BAEKDUMYEONGSEONG,한국,3,거,67,0,55,003086,이동준,002039,문성호,001074,강영수,7000000,3220000,2100000,980000,700000
20260828,금요일,제주,2,일반,900,제6등급,별정A,700만원 미만,4세이하,성별오픈,2,3107888,빈체로,VINCERO,한국,3,거,67,0,55,003089,박성광,002034,이태용,121038,안평림,7000000,3220000,2100000,980000,700000
20260828,금요일,제주,2,일반,900,제6등급,별정A,700만원 미만,4세이하,성별오픈,3,3107373,적통자,JEOKTONGJA,한국,3,거,67,0,55,003084,김한남,002041,윤호상,001010,강춘시,7000000,3220000,2100000,980000,700000
20260828,금요일,제주,2,일반,900,제6등급,별정A,700만원 미만,4세이하,성별오픈,4,3107462,비상특급,BISANGTEUKGEUP,한국,3,암,67,0,55,003092,이성민,002026,고영덕,124034,백마,7000000,3220000,2100000,980000,700000
20260828,금요일,제주,2,일반,900,제6등급,별정A,700만원 미만,4세이하,성별오픈,5,3107316,에스프리,ESPRI,한국,3,거,67,0,55,003070,전현준,002029,이준호,121041,양우선,7000000,3220000,2100000,980000,700000
20260828,금요일,제주,2,일반,900,제6등급,별정A,700만원 미만,4세이하,성별오픈,6,3105496,괜찮아,GWAENCHANA,한국,4,거,67,0,55,003077,강수한,002036,강태종,001173,김경민,7000000,3220000,2100000,980000,700000
20260828,금요일,제주,2,일반,900,제6등급,별정A,700만원 미만,4세이하,성별오픈,7,3109182,청호질주,CHEONGHOJILJU,한국,2,수,67,0,55,003087,임재광,002023,한상배,124026,이정언,7000000,3220000,2100000,980000,700000
20260828,금요일,제주,2,일반,900,제6등급,별정A,700만원 미만,4세이하,성별오픈,8,3107456,출정식,CHULJEONGSIK,한국,3,암,67,0,55,003055,장우성,002021,윤덕상,001010,강춘시,7000000,3220000,2100000,980000,700000
20260828,금요일,제주,2,일반,900,제6등급,별정A,700만원 미만,4세이하,성별오픈,9,3107909,금빛신화,GEUMBITSINHWA,한국,3,거,67,0,55,003075,원유일,002033,강영진,117045,신영미,7000000,3220000,2100000,980000,700000
20260828,금요일,제주,2,일반,900,제6등급,별정A,700만원 미만,4세이하,성별오픈,10,3108885,일위도강,IRWIDOGANG,한국,4,거,67,0,55,003073,김다영,002039,문성호,124018,김민규,7000000,3220000,2100000,980000,700000
20260828,금요일,제주,3,일반,1000,제5등급,핸디캡,R1~20,2세이상,성별오픈,1,3105317,신통방통,SINTONGBANGTONG,한국,4,거,67,2,53.5,003075,원유일,002032,김태준,001093,김한진,10500000,4830000,3150000,1470000,1050000
20260828,금요일,제주,3,일반,1000,제5등급,핸디캡,R1~20,2세이상,성별오픈,2,3104741,무주영웅,MUJUYEONGUNG,한국,4,암,67,6,55.5,003080,문현진,002026,고영덕,206032,윤재곤,10500000,4830000,3150000,1470000,1050000
20260828,금요일,제주,3,일반,1000,제5등급,핸디캡,R1~20,2세이상,성별오픈,3,3104592,우아우아,UAUA,한국,4,암,67,4,54.5,003058,한영민,002030,최기호,116014,김형훈,10500000,4830000,3150000,1470000,1050000
20260828,금요일,제주,3,일반,1000,제5등급,핸디캡,R1~20,2세이상,성별오픈,4,3107353,청룡바람,CHEONGRYONGBARAM,한국,3,거,67,10,57.5,003082,김홍권,002033,강영진,117051,청룡,10500000,4830000,3150000,1470000,1050000
20260828,금요일,제주,3,일반,1000,제5등급,핸디캡,R1~20,2세이상,성별오픈,5,3104277,세계왕자,SEGYEWANGJA,한국,4,거,67,8,56.5,003094,곽석,002027,강대은,001185,고임계,10500000,4830000,3150000,1470000,1050000
20260828,금요일,제주,3,일반,1000,제5등급,핸디캡,R1~20,2세이상,성별오픈,6,3107884,마조여신,MAJOYEOSIN,한국,3,암,67,1,53,003081,김준호,002036,강태종,121038,안평림,10500000,4830000,3150000,1470000,1050000
20260828,금요일,제주,3,일반,1000,제5등급,핸디캡,R1~20,2세이상,성별오픈,7,3103951,자유열매,JAYUYEOLMAE,한국,5,거,67,1,53,003089,박성광,002034,이태용,206023,이영대,10500000,4830000,3150000,1470000,1050000
20260828,금요일,제주,3,일반,1000,제5등급,핸디캡,R1~20,2세이상,성별오픈,8,3105271,돈마천하,DONMACHEONHA,한국,4,거,67,1,53,003077,강수한,002038,김길홍,116033,돈마,10500000,4830000,3150000,1470000,1050000
20260828,금요일,제주,3,일반,1000,제5등급,핸디캡,R1~20,2세이상,성별오픈,9,3107908,투혼여제,TUHONYEOJE,한국,3,암,67,9,57,003070,전현준,002042,김대연,117045,신영미,10500000,4830000,3150000,1470000,1050000
20260828,금요일,제주,3,일반,1000,제5등급,핸디캡,R1~20,2세이상,성별오픈,10,3103807,신천여제,SINCHEONYEOJE,한국,5,암,67,11,58,003092,이성민,002018,신경호,001049,강인선,10500000,4830000,3150000,1470000,1050000
20260828,금요일,제주,4,일반,1000,제5등급,핸디캡,R1~20,2세이상,성별오픈,1,3104317,아름나,AREUMNA,한국,4,암,67,4,52.5,003092,이성민,002041,윤호상,117042,문애순,10500000,4830000,3150000,1470000,1050000
20260828,금요일,제주,4,일반,1000,제5등급,핸디캡,R1~20,2세이상,성별오픈,2,3103947,자유시대,JAYUSIDAE,한국,5,거,67,9,55,003087,임재광,002031,심도연,116021,부건영,10500000,4830000,3150000,1470000,1050000
20260828,금요일,제주,4,일반,1000,제5등급,핸디캡,R1~20,2세이상,성별오픈,3,3102470,명품함성,MYEONGPUMHAMSEONG,한국,6,암,67,14,57.5,003053,안득수,002027,강대은,116019,박병철,10500000,4830000,3150000,1470000,1050000
20260828,금요일,제주,4,일반,1000,제5등급,핸디캡,R1~20,2세이상,성별오픈,4,3105484,스트롱캣,STRONGCAT,한국,4,거,67,3,52,003089,박성광,002034,이태용,116021,부건영,10500000,4830000,3150000,1470000,1050000
20260828,금요일,제주,4,일반,1000,제5등급,핸디캡,R1~20,2세이상,성별오픈,5,3108145,천상태양,CHEONSANGTAEYANG,한국,3,거,67,9,55,003080,문현진,002026,고영덕,116031,최남단,10500000,4830000,3150000,1470000,1050000
20260828,금요일,제주,4,일반,1000,제5등급,핸디캡,R1~20,2세이상,성별오픈,6,3019033,광해군,GWANGHAEGUN,한국,7,거,67,15,58,003096,양민재,002013,변용호,121029,현상진,10500000,4830000,3150000,1470000,1050000
20260828,금요일,제주,4,일반,1000,제5등급,핸디캡,R1~20,2세이상,성별오픈,7,3107295,블랙타이거,BLACKTIGER,한국,3,암,67,12,56.5,003082,김홍권,002033,강영진,111225,변완수,10500000,4830000,3150000,1470000,1050000
20260828,금요일,제주,4,일반,1000,제5등급,핸디캡,R1~20,2세이상,성별오픈,8,3102610,비룡신공,BIRYONGSINGONS,한국,6,거,67,1,51,003058,한영민,002032,김태준,001105,김무현,10500000,4830000,3150000,1470000,1050000
20260828,금요일,제주,4,일반,1000,제5등급,핸디캡,R1~20,2세이상,성별오픈,9,3107868,파워스타,POWERSTAR,한국,3,암,67,11,56,003077,강수한,002030,최기호,206023,이영대,10500000,4830000,3150000,1470000,1050000
20260828,금요일,제주,4,일반,1000,제5등급,핸디캡,R1~20,2세이상,성별오픈,10,3107933,폭풍군단,POKPUNGGUNDAN,한국,3,거,67,18,59.5,003094,곽석,002042,김대연,124027,이창근,10500000,4830000,3150000,1470000,1050000
20260828,금요일,제주,5,일반,1110,제5등급,핸디캡,R1~20,2세이상,성별오픈,1,3108248,해피초원,HAPPYCHOWEON,한국,3,암,67,3,52,003077,강수한,002034,이태용,001121,송자민,10500000,4830000,3150000,1470000,1050000
20260828,금요일,제주,5,일반,1110,제5등급,핸디캡,R1~20,2세이상,성별오픈,2,3104732,대륙황후,DAERYUKWANGHU,한국,4,암,67,19,60,003080,문현진,002018,신경호,206027,신상섭,10500000,4830000,3150000,1470000,1050000
20260828,금요일,제주,5,일반,1110,제5등급,핸디캡,R1~20,2세이상,성별오픈,3,3105245,비룡진주,BIRYONGJINJU,한국,4,암,67,1,51,003075,원유일,002041,윤호상,117042,문애순,10500000,4830000,3150000,1470000,1050000
20260828,금요일,제주,5,일반,1110,제5등급,핸디캡,R1~20,2세이상,성별오픈,4,3107862,태자주니어,TAEJAJUNIOR,한국,3,수,67,13,57,003081,김준호,002036,강태종,124023,서정숙,10500000,4830000,3150000,1470000,1050000
20260828,금요일,제주,5,일반,1110,제5등급,핸디캡,R1~20,2세이상,성별오픈,5,3103652,한라제패,HALLAJEPAE,한국,5,거,67,11,56,003082,김홍권,002029,이준호,001128,변공민,10500000,4830000,3150000,1470000,1050000
20260828,금요일,제주,5,일반,1110,제5등급,핸디캡,R1~20,2세이상,성별오픈,6,3104799,세모다,SEMODA,한국,4,거,67,11,56,003058,한영민,002023,한상배,001121,송자민,10500000,4830000,3150000,1470000,1050000
20260828,금요일,제주,5,일반,1110,제5등급,핸디캡,R1~20,2세이상,성별오픈,7,3107556,불꽃강자,BULKKOTGANGJA,한국,3,거,67,8,54.5,003087,임재광,002031,심도연,001074,강영수,10500000,4830000,3150000,1470000,1050000
20260828,금요일,제주,5,일반,1110,제5등급,핸디캡,R1~20,2세이상,성별오픈,8,3104697,으뜸여신,EUTTEUMYEOSIN,한국,4,암,67,15,58,003053,안득수,002027,강대은,124018,김민규,10500000,4830000,3150000,1470000,1050000
20260828,금요일,제주,5,일반,1110,제5등급,핸디캡,R1~20,2세이상,성별오픈,9,3103626,한백최강,HANBAEKCHOEGANG,한국,5,거,67,7,54,003094,곽석,002042,김대연,206015,김영구,10500000,4830000,3150000,1470000,1050000
20260828,금요일,제주,5,일반,1110,제5등급,핸디캡,R1~20,2세이상,성별오픈,10,3101834,대향연,DAEHYANGYEON,한국,6,거,67,15,58,003070,전현준,002029,이준호,217123,오치영,10500000,4830000,3150000,1470000,1050000
20260828,금요일,제주,6,일반,1110,제4등급,핸디캡,R21~40,2세이상,성별오픈,1,3102752,천비왕자,CHEONBIWANGJA,한국,6,거,67,35,57.5,003073,김다영,002039,문성호,124018,김민규,13000000,5980000,3900000,1820000,1300000
20260828,금요일,제주,6,일반,1110,제4등급,핸디캡,R21~40,2세이상,성별오픈,2,3104160,달빛소리,DALBITSORI,한국,4,암,67,38,59,003087,임재광,002031,심도연,106221,오경보,13000000,5980000,3900000,1820000,1300000
20260828,금요일,제주,6,일반,1110,제4등급,핸디캡,R21~40,2세이상,성별오픈,3,3105495,무림왕자,MURIMWANGJA,한국,4,거,67,28,54,003080,문현진,002018,신경호,206027,신상섭,13000000,5980000,3900000,1820000,1300000
20260828,금요일,제주,6,일반,1110,제4등급,핸디캡,R21~40,2세이상,성별오픈,4,3018884,백록군주,BAENGNOKGUNJU,한국,7,수,67,37,58.5,003089,박성광,002034,이태용,117050,쌍용통운,13000000,5980000,3900000,1820000,1300000
20260828,금요일,제주,6,일반,1110,제4등급,핸디캡,R21~40,2세이상,성별오픈,5,3105488,날려오라,NALLYEOORA,한국,4,암,67,34,57,003094,곽석,002042,김대연,001125,김경림,13000000,5980000,3900000,1820000,1300000
20260828,금요일,제주,6,일반,1110,제4등급,핸디캡,R21~40,2세이상,성별오픈,6,3104068,전승소녀,JEONSEUNGSONYEO,한국,5,암,67,35,57.5,003081,김준호,002036,강태종,116027,현동부,13000000,5980000,3900000,1820000,1300000
20260828,금요일,제주,6,일반,1110,제4등급,핸디캡,R21~40,2세이상,성별오픈,7,3018999,색달미소,SAEKDALMISO,한국,8,암,67,28,54,003058,한영민,002032,김태준,116007,강승호,13000000,5980000,3900000,1820000,1300000
20260828,금요일,제주,6,일반,1110,제4등급,핸디캡,R21~40,2세이상,성별오픈,8,3107927,리듬블루,RHYTHMEBLUE,한국,3,암,67,29,54.5,003053,안득수,002027,강대은,001164,김호영,13000000,5980000,3900000,1820000,1300000
20260828,금요일,제주,6,일반,1110,제4등급,핸디캡,R21~40,2세이상,성별오픈,9,3104749,한빛제일,HANBITJEIL,한국,4,거,67,32,56,003092,이성민,002026,고영덕,001138,송방원,13000000,5980000,3900000,1820000,1300000
20260828,금요일,제주,6,일반,1110,제4등급,핸디캡,R21~40,2세이상,성별오픈,10,3101811,날려버려,NALLYEOBEORYEO,한국,6,거,67,36,58,003070,전현준,002032,김태준,116021,부건영,13000000,5980000,3900000,1820000,1300000
20260828,금요일,제주,7,일반,1200,제4등급,핸디캡,R21~40,2세이상,성별오픈,1,3018038,대별왕,DAEBYEORWANG,한국,9,거,67,29,54.5,003094,곽석,002042,김대연,116020,홍규식,13000000,5980000,3900000,1820000,1300000
20260828,금요일,제주,7,일반,1200,제4등급,핸디캡,R21~40,2세이상,성별오픈,2,3104649,일품걸,ILPUMGIRL,한국,4,암,67,36,58,003070,전현준,002029,이준호,001135,양방철,13000000,5980000,3900000,1820000,1300000
20260828,금요일,제주,7,일반,1200,제4등급,핸디캡,R21~40,2세이상,성별오픈,3,3103519,환상지오,HWANSANGJIO,한국,5,거,67,29,54.5,003089,박성광,002034,이태용,116021,부건영,13000000,5980000,3900000,1820000,1300000
20260828,금요일,제주,7,일반,1200,제4등급,핸디캡,R21~40,2세이상,성별오픈,4,3104790,천상의별,CHEONSANGUIBYEOL,한국,4,거,67,29,54.5,003081,김준호,002036,강태종,121032,강진숙,13000000,5980000,3900000,1820000,1300000
20260828,금요일,제주,7,일반,1200,제4등급,핸디캡,R21~40,2세이상,성별오픈,5,3104752,태흥신공,TAEYHEUNGSINGONG,한국,4,거,67,31,55.5,003080,문현진,002026,고영덕,001138,송방원,13000000,5980000,3900000,1820000,1300000
20260828,금요일,제주,7,일반,1200,제4등급,핸디캡,R21~40,2세이상,성별오픈,6,3108052,신안으뜸,SINANEUTTEUM,한국,3,수,67,36,58,003077,강수한,002038,김길홍,121044,한빛,13000000,5980000,3900000,1820000,1300000
20260828,금요일,제주,7,일반,1200,제4등급,핸디캡,R21~40,2세이상,성별오픈,7,3018933,오라태양,ORATAEYANG,한국,7,수,67,29,54.5,003084,김한남,002032,김태준,124023,서정숙,13000000,5980000,3900000,1820000,1300000
20260828,금요일,제주,7,일반,1200,제4등급,핸디캡,R21~40,2세이상,성별오픈,8,3018748,성공제일,SEONGGONGJEIL,한국,8,거,67,40,60,003092,이성민,002018,신경호,116003,문인환,13000000,5980000,3900000,1820000,1300000
20260828,금요일,제주,7,일반,1200,제4등급,핸디캡,R21~40,2세이상,성별오픈,9,3105270,가온천하,GAONCHEONHA,한국,4,거,67,21,51,003082,김홍권,002033,강영진,001194,조태만,13000000,5980000,3900000,1820000,1300000
20260828,금요일,제주,7,일반,1200,제4등급,핸디캡,R21~40,2세이상,성별오픈,10,3103803,백두영웅,BAEKDUYEONGUNG,한국,5,거,67,23,51.5,003086,이동준,002039,문성호,001074,강영수,13000000,5980000,3900000,1820000,1300000
20260828,금요일,제주,8,일반,1200,제3등급,핸디캡,R41~60,2세이상,성별오픈,1,3104183,백용해,BAEGYONGHAE,한국,4,수,67,55,57,003070,전현준,002029,이준호,001118,임상관,15500000,7130000,4650000,2170000,1550000
20260828,금요일,제주,8,일반,1200,제3등급,핸디캡,R41~60,2세이상,성별오픈,2,3103588,소왕산,SOWANGSAN,한국,5,암,67,47,53,003075,원유일,002021,윤덕상,118025,강재필,15500000,7130000,4650000,2170000,1550000
20260828,금요일,제주,8,일반,1200,제3등급,핸디캡,R41~60,2세이상,성별오픈,3,3104645,한라보배,HALLABOBAE,한국,4,거,67,50,54.5,003082,김홍권,002033,강영진,206038,강경덕,15500000,7130000,4650000,2170000,1550000
20260828,금요일,제주,8,일반,1200,제3등급,핸디캡,R41~60,2세이상,성별오픈,4,3017642,쌍용신화,SSANGYONGSINHWA,한국,10,거,67,55,57,003089,박성광,002034,이태용,117050,쌍용통운,15500000,7130000,4650000,2170000,1550000
20260828,금요일,제주,8,일반,1200,제3등급,핸디캡,R41~60,2세이상,성별오픈,5,3103451,리듬황후,RYTHMEHWANGHU,한국,5,암,67,59,59,003080,문현진,002026,고영덕,121045,신우,15500000,7130000,4650000,2170000,1550000
20260828,금요일,제주,8,일반,1200,제3등급,핸디캡,R41~60,2세이상,성별오픈,6,3018668,으뜸영웅,EUTTEUMYEONGWUNG,한국,8,거,67,44,51.5,003087,임재광,002031,심도연,206015,김영구,15500000,7130000,4650000,2170000,1550000
20260828,금요일,제주,8,일반,1200,제3등급,핸디캡,R41~60,2세이상,성별오픈,7,3104611,와흘호,WAHEULHO,한국,4,수,67,52,55.5,003081,김준호,002023,한상배,121041,양우선,15500000,7130000,4650000,2170000,1550000
20260828,금요일,제주,8,일반,1200,제3등급,핸디캡,R41~60,2세이상,성별오픈,8,3104591,제주전사,JEJUJEONSA,한국,4,거,67,43,51,003096,양민재,002030,최기호,001073,김정봉,15500000,7130000,4650000,2170000,1550000
20260828,금요일,제주,8,일반,1200,제3등급,핸디캡,R41~60,2세이상,성별오픈,9,3104223,청룡에이스,CHEONGRYONGACE,한국,4,암,67,46,52.5,003092,이성민,002033,강영진,117051,청룡,15500000,7130000,4650000,2170000,1550000
20260828,금요일,제주,8,일반,1200,제3등급,핸디캡,R41~60,2세이상,성별오픈,10,3101725,킹코브라,KINGKOBEURA,한국,7,수,67,44,51.5,003053,안득수,002013,변용호,106203,양근재,15500000,7130000,4650000,2170000,1550000
20260829,토요일,서울,1,일반,1000,국6등급,별정A,R0~0,2세,암,1,0056001,마천마마,MACHEON MAMA,한국,2,암,67,0,52.5,080616,마이아,070096,서범석,126007,마용숙,24750000,9900000,6300000,2250000,1800000
20260829,토요일,서울,1,일반,1000,국6등급,별정A,R0~0,2세,암,2,0055716,에이케이선,A.K SUN,한국,2,암,67,0,52.5,080405,김용근,070306,홍윤화,109142,함승원,24750000,9900000,6300000,2250000,1800000
20260829,토요일,서울,1,일반,1000,국6등급,별정A,R0~0,2세,암,3,0055335,마이티뮬란,MIGHTY MULAN,한국,2,암,67,0,52.5,080417,유승완,070160,서홍수,113005,조병태,24750000,9900000,6300000,2250000,1800000
20260829,토요일,서울,1,일반,1000,국6등급,별정A,R0~0,2세,암,4,0056966,아리온퀸즈,ARION QUEENS,한국,2,암,67,0,51.5,080621,우인철,070181,이관호,122021,권진환,24750000,9900000,6300000,2250000,1800000
20260829,토요일,서울,1,일반,1000,국6등급,별정A,R0~0,2세,암,5,0055524,행운스타,HAENGUN STAR,한국,2,암,67,0,52.5,080550,조재로,070165,서인석,214774,조경수,24750000,9900000,6300000,2250000,1800000
20260829,토요일,서울,1,일반,1000,국6등급,별정A,R0~0,2세,암,6,0056227,툰테자,TUN TEJA,한국,2,암,67,0,52.5,080530,정정희,070244,리카디,125710,로스린다 유누스,24750000,9900000,6300000,2250000,1800000
20260829,토요일,서울,1,일반,1000,국6등급,별정A,R0~0,2세,암,7,0055472,걸작루비,GEOLJAK RUBY,한국,2,암,67,0,52.5,080486,이혁,070293,정하백,105249,박덕희,24750000,9900000,6300000,2250000,1800000
20260829,토요일,서울,1,일반,1000,국6등급,별정A,R0~0,2세,암,8,0055787,파워풀스탠스,POWERFUL STANCE,한국,2,암,67,0,52.5,080624,루이스,070248,함완식,111077,지성배,24750000,9900000,6300000,2250000,1800000
20260829,토요일,서울,2,일반,1200,국6등급,별정A,R0~0,연령오픈,성별오픈,1,0053917,플라잉치프,FLYING CHIEF,한국,3,거,67,0,56,080405,김용근,070197,이준철,110028,김형순,16500000,6600000,4200000,1500000,1200000
20260829,토요일,서울,2,일반,1200,국6등급,별정A,R0~0,연령오픈,성별오픈,2,0050970,피엔에스원,PNS WON,한국,4,암,67,0,54,080568,다실바,070117,박윤규,118010,피엔에스홈즈,16500000,6600000,4200000,1500000,1200000
20260829,토요일,서울,2,일반,1200,국6등급,별정A,R0~0,연령오픈,성별오픈,3,0054323,특급기상,TEUKGEUP GISANG,한국,3,암,67,0,54,080608,오수철,070247,이동국,106272,김근영,16500000,6600000,4200000,1500000,1200000
20260829,토요일,서울,2,일반,1200,국6등급,별정A,R0~0,연령오픈,성별오픈,4,0054178,라이즈파워,RISE POWER,한국,3,수,67,0,55,080621,우인철,070170,김동균,010801,박정재,16500000,6600000,4200000,1500000,1200000
20260829,토요일,서울,2,일반,1200,국6등급,별정A,R0~0,연령오픈,성별오픈,5,0053269,아모스전사,AMOS JEONSA,한국,3,수,67,0,56,080530,정정희,070306,홍윤화,125009,조아건설(주),16500000,6600000,4200000,1500000,1200000
20260829,토요일,서울,2,일반,1200,국6등급,별정A,R0~0,연령오픈,성별오픈,6,0053509,블루로즈,BLUE ROSE,한국,3,암,67,0,54,080473,김정준,070167,이신우,106114,범한산업,16500000,6600000,4200000,1500000,1200000
20260829,토요일,서울,2,일반,1200,국6등급,별정A,R0~0,연령오픈,성별오픈,7,0053686,스터닝히어로,STUNNING HERO,한국,3,수,67,0,56,080611,푸르칸,070170,김동균,010244,박성구,16500000,6600000,4200000,1500000,1200000
20260829,토요일,서울,2,일반,1200,국6등급,별정A,R0~0,연령오픈,성별오픈,8,0053862,금성축제,GEUMSEONG CHUKJE,한국,3,암,67,0,54,080599,김태현,070165,서인석,065096,조창규,16500000,6600000,4200000,1500000,1200000
20260829,토요일,서울,2,일반,1200,국6등급,별정A,R0~0,연령오픈,성별오픈,9,0055267,베스트프렌드,BEST FRIEND,한국,2,수,67,0,54.5,080562,이동하,070225,문병기,110034,(주)나스카,16500000,6600000,4200000,1500000,1200000
20260829,토요일,서울,2,일반,1200,국6등급,별정A,R0~0,연령오픈,성별오픈,10,0053943,퀸즈레이스,QUEEN'S RACE,한국,3,암,67,0,54,080533,조상범,070146,안병기,112290,박병현,16500000,6600000,4200000,1500000,1200000
20260829,토요일,서울,2,일반,1200,국6등급,별정A,R0~0,연령오픈,성별오픈,11,0056217,라온더칼,RAON THE KAL,한국,2,수,67,0,54.5,080476,장추열,070304,이강서,106025,손천수,16500000,6600000,4200000,1500000,1200000
20260829,토요일,서울,3,일반,1300,국6등급,별정A,R0~0,연령오픈,성별오픈,1,0051308,원더풀치프,WONDERFUL CHIEF,한국,4,수,68,0,56,080473,김정준,070165,서인석,106204,(주)녹원목장,16500000,6600000,4200000,1500000,1200000
20260829,토요일,서울,3,일반,1300,국6등급,별정A,R0~0,연령오픈,성별오픈,2,0054471,슈퍼캔디,SUPER CANDY,한국,4,암,68,0,54,080550,조재로,070247,이동국,124017,(주)쎄쎄쎄,16500000,6600000,4200000,1500000,1200000
20260829,토요일,서울,3,일반,1300,국6등급,별정A,R0~0,연령오픈,성별오픈,3,0053438,판타스틱브로,FANTASTIC BRO,한국,3,암,68,0,54,080608,오수철,070146,안병기,112290,박병현,16500000,6600000,4200000,1500000,1200000
20260829,토요일,서울,3,일반,1300,국6등급,별정A,R0~0,연령오픈,성별오픈,4,0050825,스파이스밴드,SPICE BAND,한국,4,암,68,0,54,080611,푸르칸,070167,이신우,104154,정영식,16500000,6600000,4200000,1500000,1200000
20260829,토요일,서울,3,일반,1300,국6등급,별정A,R0~0,연령오픈,성별오픈,5,0051316,비바참,BIBA CHARM,한국,4,암,68,0,54,080599,김태현,070182,전승규,010226,김명식,16500000,6600000,4200000,1500000,1200000
20260829,토요일,서울,3,일반,1300,국6등급,별정A,R0~0,연령오픈,성별오픈,6,0046772,피엔에스미,P N S ME,한국,5,암,68,0,54,080515,조한별,070117,박윤규,118010,피엔에스홈즈,16500000,6600000,4200000,1500000,1200000
20260829,토요일,서울,3,일반,1300,국6등급,별정A,R0~0,연령오픈,성별오픈,7,0053024,그랜드커리지,GRAND COURAGE,한국,3,수,68,0,56,080417,유승완,070144,배휴준,065110,강종우,16500000,6600000,4200000,1500000,1200000
20260829,토요일,서울,3,일반,1300,국6등급,별정A,R0~0,연령오픈,성별오픈,8,0054260,프라임스타,PRIME STAR,한국,3,암,68,0,54,080513,송재철,070198,임채덕,118017,양순희,16500000,6600000,4200000,1500000,1200000
20260829,토요일,서울,3,일반,1300,국6등급,별정A,R0~0,연령오픈,성별오픈,9,0052916,히어로드래건,HERO DRAGON,한국,3,암,68,0,54,080602,임다빈,070300,백종수,216306,임재형,16500000,6600000,4200000,1500000,1200000
20260829,토요일,서울,3,일반,1300,국6등급,별정A,R0~0,연령오픈,성별오픈,10,0054864,래피드총알,RAPID CHONGAL,한국,3,암,68,0,54,080603,김태희,070164,박재우,010801,박정재,16500000,6600000,4200000,1500000,1200000
20260829,토요일,서울,3,일반,1300,국6등급,별정A,R0~0,연령오픈,성별오픈,11,0053927,나이트캡틴,NIGHT CAPTAIN,한국,3,암,68,0,54,080533,조상범,070199,조현수,123002,신명석,16500000,6600000,4200000,1500000,1200000
20260829,토요일,서울,4,일반,1700,국5등급,핸디캡,R1~35,연령오픈,성별오픈,1,0051740,문학벨,MUNHAK BELL,한국,4,암,67,32,56.5,080624,루이스,070164,박재우,105222,권경자,24750000,9900000,6300000,2250000,1800000
20260829,토요일,서울,4,일반,1700,국5등급,핸디캡,R1~35,연령오픈,성별오픈,2,0053761,세이버스,SAVERS,한국,3,수,67,28,56.5,080550,조재로,070293,정하백,109029,김광두,24750000,9900000,6300000,2250000,1800000
20260829,토요일,서울,4,일반,1700,국5등급,핸디캡,R1~35,연령오픈,성별오픈,3,0046673,러브스칼렛,LOVE SCARLET,한국,5,암,67,32,56.5,080611,푸르칸,070175,강환민,125028,지앤지스타트(주),24750000,9900000,6300000,2250000,1800000
20260829,토요일,서울,4,일반,1700,국5등급,핸디캡,R1~35,연령오픈,성별오픈,4,0054881,미스터크레딧,MR.CREDIT,한국,3,수,67,26,55.5,080486,이혁,070096,서범석,118016,박순옥,24750000,9900000,6300000,2250000,1800000
20260829,토요일,서울,4,일반,1700,국5등급,핸디캡,R1~35,연령오픈,성별오픈,5,0053708,블랙마마,BLACK MAMA,한국,3,암,67,32,56.5,080616,마이아,070164,박재우,123028,파인트리,24750000,9900000,6300000,2250000,1800000
20260829,토요일,서울,4,일반,1700,국5등급,핸디캡,R1~35,연령오픈,성별오픈,6,0050900,혁명의질주,HYEOKMYEONGUIJILJU,한국,4,암,67,27,54,080602,임다빈,070144,배휴준,116057,미리내,24750000,9900000,6300000,2250000,1800000
20260829,토요일,서울,4,일반,1700,국5등급,핸디캡,R1~35,연령오픈,성별오픈,7,0047264,학산대세,HAKSAN DAESE,한국,5,암,67,24,52.5,080582,빅투아르,070290,문세영,119036,황봉기,24750000,9900000,6300000,2250000,1800000
20260829,토요일,서울,4,일반,1700,국5등급,핸디캡,R1~35,연령오픈,성별오픈,8,0051036,블랙러시안,BLACK RUSSIAN,한국,4,거,67,25,55,080484,서승운,070289,성상현,123005,박재용,24750000,9900000,6300000,2250000,1800000
20260829,토요일,서울,4,일반,1700,국5등급,핸디캡,R1~35,연령오픈,성별오픈,9,0053645,라온킹스맨,RAON KINGSMAN,한국,3,수,67,28,56.5,080476,장추열,070304,이강서,106025,손천수,24750000,9900000,6300000,2250000,1800000
20260829,토요일,서울,4,일반,1700,국5등급,핸디캡,R1~35,연령오픈,성별오픈,10,0046999,샤크텐,SHARKTEN,한국,5,거,67,28,56.5,080533,조상범,070264,박지헌,122017,힐링팜조합,24750000,9900000,6300000,2250000,1800000
20260829,토요일,서울,5,일반,1200,국5등급,핸디캡,R1~35,연령오픈,성별오픈,1,0050951,폭스트롯,FOX TROT,한국,4,암,67,23,52.5,080473,김정준,070163,박병일,121018,본투런,24750000,9900000,6300000,2250000,1800000
20260829,토요일,서울,5,일반,1200,국5등급,핸디캡,R1~35,연령오픈,성별오픈,2,0047071,주링스카이,JURING SKY,한국,5,암,67,33,55,080484,서승운,070170,김동균,113032,최임규,24750000,9900000,6300000,2250000,1800000
20260829,토요일,서울,5,일반,1200,국5등급,핸디캡,R1~35,연령오픈,성별오픈,3,0054384,서울비행,SEOUL BIHAENG,한국,3,수,67,29,55,080617,코지,070181,이관호,106080,이동좌,24750000,9900000,6300000,2250000,1800000
20260829,토요일,서울,5,일반,1200,국5등급,핸디캡,R1~35,연령오픈,성별오픈,4,0053644,라온더클라라,RAON THE CLARA,한국,3,암,67,31,54,080486,이혁,070304,이강서,123026,라온랜드(주),24750000,9900000,6300000,2250000,1800000
20260829,토요일,서울,5,일반,1200,국5등급,핸디캡,R1~35,연령오픈,성별오픈,5,0053969,학산새미,HAKSAN SAMMY,한국,3,암,67,29,53,080562,이동하,070163,박병일,119036,황봉기,24750000,9900000,6300000,2250000,1800000
20260829,토요일,서울,5,일반,1200,국5등급,핸디캡,R1~35,연령오픈,성별오픈,6,0050780,예스엔젤,YES ANGEL,한국,4,암,67,23,52.5,080578,김효정,070164,박재우,065096,조창규,24750000,9900000,6300000,2250000,1800000
20260829,토요일,서울,5,일반,1200,국5등급,핸디캡,R1~35,연령오픈,성별오픈,7,0053353,용비신화,YONGBI SHINHWA,한국,3,거,67,33,57,080405,김용근,070199,조현수,122013,정성진,24750000,9900000,6300000,2250000,1800000
20260829,토요일,서울,5,일반,1200,국5등급,핸디캡,R1~35,연령오픈,성별오픈,8,0053793,이클립스엘리,ECLIPSE ELLY,한국,3,암,67,28,52.5,080546,박재이,070197,이준철,122023,조한수,24750000,9900000,6300000,2250000,1800000
20260829,토요일,서울,5,일반,1200,국5등급,핸디캡,R1~35,연령오픈,성별오픈,9,0053257,뷰티풀리,BEAUTIFULLY,한국,3,암,67,28,52.5,080550,조재로,070115,박천서,104131,박광순,24750000,9900000,6300000,2250000,1800000
20260829,토요일,서울,5,일반,1200,국5등급,핸디캡,R1~35,연령오픈,성별오픈,10,0050690,문학파이터,MUNHAK FIGHTER,한국,4,암,67,33,55,080624,루이스,070148,정호익,105222,권경자,24750000,9900000,6300000,2250000,1800000
20260829,토요일,서울,5,일반,1200,국5등급,핸디캡,R1~35,연령오픈,성별오픈,11,0053592,영원한스타,YEONGWONHAN STAR,한국,3,암,67,33,55,080513,송재철,070247,이동국,010457,조병해,24750000,9900000,6300000,2250000,1800000
20260829,토요일,서울,6,일반,1300,국5등급,핸디캡,R1~35,연령오픈,성별오픈,1,0054201,벌교엠퍼러,BEOLGYO EMPEROR,한국,3,수,67,32,55.5,080434,김철호,070290,문세영,123007,유성훈,24750000,9900000,6300000,2250000,1800000
20260829,토요일,서울,6,일반,1300,국5등급,핸디캡,R1~35,연령오픈,성별오픈,2,0053641,금아온포인트,GEUMA ON POINT,한국,3,거,67,26,52.5,080473,김정준,070181,이관호,117038,금아산업(주),24750000,9900000,6300000,2250000,1800000
20260829,토요일,서울,6,일반,1300,국5등급,핸디캡,R1~35,연령오픈,성별오픈,3,0053194,화이트잭팟,WHITE JACKPOT,한국,3,거,67,29,54,080530,정정희,070244,리카디,121047,이강운,24750000,9900000,6300000,2250000,1800000
20260829,토요일,서울,6,일반,1300,국5등급,핸디캡,R1~35,연령오픈,성별오픈,4,0051778,와달비,WADALBI,한국,4,거,67,28,53.5,080603,김태희,070247,이동국,104176,(주)늘푸른목장,24750000,9900000,6300000,2250000,1800000
20260829,토요일,서울,6,일반,1300,국5등급,핸디캡,R1~35,연령오픈,성별오픈,5,0047116,엑스팩터,X-FACTOR,한국,5,거,67,35,57,080484,서승운,070170,김동균,116054,공이공팔,24750000,9900000,6300000,2250000,1800000
20260829,토요일,서울,6,일반,1300,국5등급,핸디캡,R1~35,연령오픈,성별오픈,6,0053872,세명피크,SEMYEONG PEAK,한국,3,암,67,26,52.5,080611,푸르칸,070305,차우호,111051,이기철,24750000,9900000,6300000,2250000,1800000
20260829,토요일,서울,6,일반,1300,국5등급,핸디캡,R1~35,연령오픈,성별오픈,7,0054466,팔팔날아,PALPALNARA,한국,3,암,67,26,52.5,080568,다실바,070117,박윤규,121053,퍼플라인,24750000,9900000,6300000,2250000,1800000
20260829,토요일,서울,6,일반,1300,국5등급,핸디캡,R1~35,연령오픈,성별오픈,8,0051223,이클립스에지,ECLIPSE EDGE,한국,4,거,67,27,53,080100,김옥성,070160,서홍수,122023,조한수,24750000,9900000,6300000,2250000,1800000
20260829,토요일,서울,6,일반,1300,국5등급,핸디캡,R1~35,연령오픈,성별오픈,9,0046161,그래티튜드,GRATITUDE,한국,6,암,67,23,52.5,080578,김효정,070167,이신우,030028,(주)일진코스메틱,24750000,9900000,6300000,2250000,1800000
20260829,토요일,서울,6,일반,1300,국5등급,핸디캡,R1~35,연령오픈,성별오픈,10,0045339,파이널축제,FINAL CHUKJE,한국,6,수,67,35,57,080533,조상범,070198,임채덕,124010,럭키,24750000,9900000,6300000,2250000,1800000
20260829,토요일,서울,6,일반,1300,국5등급,핸디캡,R1~35,연령오픈,성별오픈,11,0051037,그랜드쾌마,GRAND KWAEMA,한국,4,수,67,27,53,080487,임기원,070179,송문길,104040,박재범,24750000,9900000,6300000,2250000,1800000
20260829,토요일,서울,7,일반,1600,국4등급,핸디캡,R1~50,연령오픈,암,1,0051562,퀸다이아,QUEEN DIA,한국,4,암,67,49,56.5,080476,장추열,070181,이관호,121015,김아라,33000000,13200000,8400000,3000000,2400000
20260829,토요일,서울,7,일반,1600,국4등급,핸디캡,R1~50,연령오픈,암,2,0054761,세명다이아,SEMYEONG DIA,한국,4,암,67,37,52.5,080486,이혁,070144,배휴준,111051,이기철,33000000,13200000,8400000,3000000,2400000
20260829,토요일,서울,7,일반,1600,국4등급,핸디캡,R1~50,연령오픈,암,3,0053941,와일드매직,WILD MAGIC,한국,3,암,67,50,57,080578,김효정,070244,리카디,103012,이시돌협회,33000000,13200000,8400000,3000000,2400000
20260829,토요일,서울,7,일반,1600,국4등급,핸디캡,R1~50,연령오픈,암,4,0045476,울트라삭스,ULTRA SOCKS,한국,6,암,67,39,51,080621,우인철,070174,강성오,010352,김창식,33000000,13200000,8400000,3000000,2400000
20260829,토요일,서울,7,일반,1600,국4등급,핸디캡,R1~50,연령오픈,암,5,0052990,마이티샤인,MIGHTY SHINE,한국,3,암,67,45,54.5,080616,마이아,070160,서홍수,122031,조제형,33000000,13200000,8400000,3000000,2400000
20260829,토요일,서울,7,일반,1600,국4등급,핸디캡,R1~50,연령오픈,암,6,0051529,원더풀어롱,WONDERFUL ALONG,한국,4,암,67,39,52.5,080568,다실바,070096,서범석,106204,(주)녹원목장,33000000,13200000,8400000,3000000,2400000
20260829,토요일,서울,7,일반,1600,국4등급,핸디캡,R1~50,연령오픈,암,7,0053918,아리온퀸카,ARION QUEEN CAR,한국,3,암,67,37,52.5,080550,조재로,070247,이동국,122021,권진환,33000000,13200000,8400000,3000000,2400000
20260829,토요일,서울,7,일반,1600,국4등급,핸디캡,R1~50,연령오픈,암,8,0046539,컴플리트스텝,COMPLETE STEP,한국,6,암,67,49,56.5,080487,임기원,070167,이신우,010355,장석영,33000000,13200000,8400000,3000000,2400000
20260829,토요일,서울,7,일반,1600,국4등급,핸디캡,R1~50,연령오픈,암,9,0054020,티나케이,TINA K,미국,5,암,67,46,55,080565,정도윤,070200,최용건,117025,강경운,33000000,13200000,8400000,3000000,2400000
20260829,토요일,서울,7,일반,1600,국4등급,핸디캡,R1~50,연령오픈,암,10,0053198,해피투게더,HAPPY TOGETHER,한국,3,암,67,46,55,080515,조한별,070293,정하백,106296,김기종,33000000,13200000,8400000,3000000,2400000
20260829,토요일,서울,8,일반,1800,2등급,핸디캡,R1~80,연령오픈,성별오픈,1,0056398,블루넬로,BLUE NELLO,미국,4,수,67,67,53,080484,서승운,070117,박윤규,117009,최병욱,49500000,19800000,12600000,4500000,3600000
20260829,토요일,서울,8,일반,1800,2등급,핸디캡,R1~80,연령오픈,성별오픈,2,0055090,슈퍼선더,SUPER THUNDER,뉴질랜드,5,거,67,64,52.5,080530,정정희,070200,최용건,117027,양동희,49500000,19800000,12600000,4500000,3600000
20260829,토요일,서울,8,일반,1800,2등급,핸디캡,R1~80,연령오픈,성별오픈,3,0044706,머스탱파워,MUSTANG POWER,한국,7,거,67,76,57.5,080611,푸르칸,070175,강환민,109019,이영성,49500000,19800000,12600000,4500000,3600000
20260829,토요일,서울,8,일반,1800,2등급,핸디캡,R1~80,연령오픈,성별오픈,4,0054029,새파랑,SAEPARANG,미국,5,수,67,71,55,080476,장추열,070096,서범석,109004,최현우,49500000,19800000,12600000,4500000,3600000
20260829,토요일,서울,8,일반,1800,2등급,핸디캡,R1~80,연령오픈,성별오픈,5,0054008,위즈러너,WHIZ RUNNER,미국,5,거,67,70,54.5,080513,송재철,070306,홍윤화,111028,최몽주,49500000,19800000,12600000,4500000,3600000
20260829,토요일,서울,8,일반,1800,2등급,핸디캡,R1~80,연령오픈,성별오픈,6,0060345,지비볼트,G B VAULT,미국,3,거,67,77,58,080582,빅투아르,070244,리카디,123009,손병석,49500000,19800000,12600000,4500000,3600000
20260829,토요일,서울,8,일반,1800,2등급,핸디캡,R1~80,연령오픈,성별오픈,7,0050685,학산다크호스,HAKSAN DARK HORSE,한국,4,수,67,70,54.5,080562,이동하,070290,문세영,119036,황봉기,49500000,19800000,12600000,4500000,3600000
20260829,토요일,서울,8,일반,1800,2등급,핸디캡,R1~80,연령오픈,성별오픈,8,0054604,케이드래곤,KEIDRAGON,캐나다,4,거,67,74,56.5,080405,김용근,070197,이준철,112270,김형란,49500000,19800000,12600000,4500000,3600000
20260829,토요일,서울,8,일반,1800,2등급,핸디캡,R1~80,연령오픈,성별오픈,9,0045158,월드참,WORLD CHARM,한국,7,수,67,66,52.5,080533,조상범,070264,박지헌,123007,유성훈,49500000,19800000,12600000,4500000,3600000
20260829,토요일,서울,8,일반,1800,2등급,핸디캡,R1~80,연령오픈,성별오픈,10,0054010,오라칸,OHRA KHAN,미국,5,수,67,71,55,080515,조한별,070293,정하백,010517,유정희,49500000,19800000,12600000,4500000,3600000
20260829,토요일,서울,8,일반,1800,2등급,핸디캡,R1~80,연령오픈,성별오픈,11,0052103,드래곤킬러,DRAGON KILLER,한국,4,수,67,74,52.5,080622,조성환,070175,강환민,112270,김형란,49500000,19800000,12600000,4500000,3600000
20260829,토요일,서울,9,일반,1200,혼4등급,핸디캡,R0~50,연령오픈,성별오픈,1,0061540,마이티허쉬,MIGHTY HUSH,미국,2,수,67,38,51,080603,김태희,070160,서홍수,113005,조병태,33000000,13200000,8400000,3000000,2400000
20260829,토요일,서울,9,일반,1200,혼4등급,핸디캡,R0~50,연령오픈,성별오픈,2,0054462,퍼플코리아,PURPLE KOREA,한국,3,암,67,37,52.5,080562,이동하,070200,최용건,121053,퍼플라인,33000000,13200000,8400000,3000000,2400000
20260829,토요일,서울,9,일반,1200,혼4등급,핸디캡,R0~50,연령오픈,성별오픈,3,0053802,그레이스데이,GRACE DAY,한국,3,수,67,37,52.5,080530,정정희,070146,안병기,124008,정현주,33000000,13200000,8400000,3000000,2400000
20260829,토요일,서울,9,일반,1200,혼4등급,핸디캡,R0~50,연령오픈,성별오픈,4,0061573,슈프림다이아,SUPREME DIA,미국,2,암,67,37,52.5,080568,다실바,070174,강성오,121015,김아라,33000000,13200000,8400000,3000000,2400000
20260829,토요일,서울,9,일반,1200,혼4등급,핸디캡,R0~50,연령오픈,성별오픈,5,0060702,세종파워,SEJONG POWER,미국,3,수,67,46,56.5,080405,김용근,070199,조현수,122013,정성진,33000000,13200000,8400000,3000000,2400000
20260829,토요일,서울,9,일반,1200,혼4등급,핸디캡,R0~50,연령오픈,성별오픈,6,0060340,팬텀프린스,PHANTOM PRINCE,미국,3,수,67,39,53,080476,장추열,070289,성상현,122025,강만구,33000000,13200000,8400000,3000000,2400000
20260829,토요일,서울,9,일반,1200,혼4등급,핸디캡,R0~50,연령오픈,성별오픈,7,0060829,제이에스베트,J S VET,미국,3,수,67,38,52.5,080513,송재철,070179,송문길,010801,박정재,33000000,13200000,8400000,3000000,2400000
20260829,토요일,서울,9,일반,1200,혼4등급,핸디캡,R0~50,연령오픈,성별오픈,8,0053041,위대한함성,WIDAEHAN HAMSEONG,한국,3,수,67,44,55.5,080487,임기원,070181,이관호,010159,황의영,33000000,13200000,8400000,3000000,2400000
20260829,토요일,서울,9,일반,1200,혼4등급,핸디캡,R0~50,연령오픈,성별오픈,9,0054056,은빛유혹,EUNBIT YUHOK,한국,3,암,67,40,52.5,080473,김정준,070166,심승태,065133,이종욱,33000000,13200000,8400000,3000000,2400000
20260829,토요일,서울,9,일반,1200,혼4등급,핸디캡,R0~50,연령오픈,성별오픈,10,0058005,글로벌하트,GLOBAL HEART,호주,4,암,67,36,52.5,080602,임다빈,070182,전승규,010611,장재형,33000000,13200000,8400000,3000000,2400000
20260829,토요일,서울,9,일반,1200,혼4등급,핸디캡,R0~50,연령오픈,성별오픈,11,0060707,히든다이아,HIDDEN DIA,미국,3,암,67,36,52.5,080611,푸르칸,070167,이신우,121015,김아라,33000000,13200000,8400000,3000000,2400000
20260829,토요일,서울,10,일반,1400,국3등급,핸디캡,R1~65,연령오픈,성별오픈,1,0051749,문학축제,MUNHAK CHUKJE,한국,4,수,67,55,54,080617,코지,070164,박재우,105222,권경자,41250000,16500000,10500000,3750000,3000000
20260829,토요일,서울,10,일반,1400,국3등급,핸디캡,R1~65,연령오픈,성별오픈,2,0051567,퍼펙트다나은,PERFECT DANAEUN,한국,4,거,67,60,56.5,080616,마이아,070170,김동균,117021,이진경,41250000,16500000,10500000,3750000,3000000
20260829,토요일,서울,10,일반,1400,국3등급,핸디캡,R1~65,연령오픈,성별오픈,3,0051830,즐거운상상,JEULGEOUN SANGSANG,한국,4,수,67,59,56,080530,정정희,070200,최용건,111006,우태율,41250000,16500000,10500000,3750000,3000000
20260829,토요일,서울,10,일반,1400,국3등급,핸디캡,R1~65,연령오픈,성별오픈,4,0047331,내길의위너,NAEGILUI WINNER,한국,5,수,67,54,53.5,080361,최범현,070305,차우호,117023,유종국,41250000,16500000,10500000,3750000,3000000
20260829,토요일,서울,10,일반,1400,국3등급,핸디캡,R1~65,연령오픈,성별오픈,5,0051771,자이언트보스,GIANT BOSS,한국,4,수,67,63,58,080405,김용근,070199,조현수,123002,신명석,41250000,16500000,10500000,3750000,3000000
20260829,토요일,서울,10,일반,1400,국3등급,핸디캡,R1~65,연령오픈,성별오픈,6,0051240,라온니진스키,RAON NIZHINSKII,한국,4,거,67,55,54,080562,이동하,070304,이강서,123026,라온랜드(주),41250000,16500000,10500000,3750000,3000000
20260829,토요일,서울,10,일반,1400,국3등급,핸디캡,R1~65,연령오픈,성별오픈,7,0051218,송당황태자,SONGDANG HWANGTAEJA,한국,4,수,67,60,56.5,080602,임다빈,070148,정호익,030013,제주축산개발,41250000,16500000,10500000,3750000,3000000
20260829,토요일,서울,10,일반,1400,국3등급,핸디캡,R1~65,연령오픈,성별오픈,8,0047127,손에손잡고,SONE SONJABGO,한국,5,암,67,43,52.5,080608,오수철,070247,이동국,201751,차청일,41250000,16500000,10500000,3750000,3000000
20260829,토요일,서울,10,일반,1400,국3등급,핸디캡,R1~65,연령오픈,성별오픈,9,0051758,차밍퀸,CHARMING QUEEN,한국,4,암,67,52,52.5,080533,조상범,070244,리카디,103012,이시돌협회,41250000,16500000,10500000,3750000,3000000
20260829,토요일,제주,1,일반,900,제6등급,별정A,700만원 미만,4세이하,성별오픈,1,3108253,행복나루,HAENGBONGNARU,한국,3,수,68,0,55,003077,강수한,002038,김길홍,001196,천창수,7000000,3220000,2100000,980000,700000
20260829,토요일,제주,1,일반,900,제6등급,별정A,700만원 미만,4세이하,성별오픈,2,3108443,리더형,LEADERHYEONG,한국,3,거,68,0,55,003073,김다영,002041,윤호상,121040,이충헌,7000000,3220000,2100000,980000,700000
20260829,토요일,제주,1,일반,900,제6등급,별정A,700만원 미만,4세이하,성별오픈,3,3107573,천상비,CHEONSANGBI,한국,3,암,68,0,55,003075,원유일,002039,문성호,117042,문애순,7000000,3220000,2100000,980000,700000
20260829,토요일,제주,1,일반,900,제6등급,별정A,700만원 미만,4세이하,성별오픈,4,3104601,청호전설,CHEONGHOJEONSEOL,한국,4,수,68,0,55,003061,곽용남,002021,윤덕상,124026,이정언,7000000,3220000,2100000,980000,700000
20260829,토요일,제주,1,일반,900,제6등급,별정A,700만원 미만,4세이하,성별오픈,5,3104279,마패창,MAPAECHANG,한국,4,거,68,0,55,003082,김홍권,002023,한상배,001186,김흥보,7000000,3220000,2100000,980000,700000
20260829,토요일,제주,1,일반,900,제6등급,별정A,700만원 미만,4세이하,성별오픈,6,3107515,백록황후,BAENGNOKWANGHU,한국,3,암,68,0,55,003081,김준호,002036,강태종,116005,조경수,7000000,3220000,2100000,980000,700000
20260829,토요일,제주,1,일반,900,제6등급,별정A,700만원 미만,4세이하,성별오픈,7,3109099,웅진미소,UNGJINMISO,한국,2,수,68,0,55,003084,김한남,002038,김길홍,117049,웅진산업,7000000,3220000,2100000,980000,700000
20260829,토요일,제주,1,일반,900,제6등급,별정A,700만원 미만,4세이하,성별오픈,8,3107869,타잔,TARZAN,한국,3,거,68,0,55,003089,박성광,002034,이태용,112159,이지우,7000000,3220000,2100000,980000,700000
20260829,토요일,제주,1,일반,900,제6등급,별정A,700만원 미만,4세이하,성별오픈,9,3107632,천마일호,CHEONMAILHO,한국,3,거,68,0,55,003095,박재희,002028,박병진,001056,진창배,7000000,3220000,2100000,980000,700000
20260829,토요일,제주,1,일반,900,제6등급,별정A,700만원 미만,4세이하,성별오픈,10,3105286,자유연대,JAYUYEONDAE,한국,4,암,68,0,55,003092,이성민,002023,한상배,116007,강승호,7000000,3220000,2100000,980000,700000
20260829,토요일,제주,2,일반,900,제5등급,핸디캡,R1~20,2세이상,성별오픈,1,3104793,귤스타,GYULSTAR,한국,4,거,68,6,55,003092,이성민,002026,고영덕,124034,백마,10500000,4830000,3150000,1470000,1050000
20260829,토요일,제주,2,일반,900,제5등급,핸디캡,R1~20,2세이상,성별오픈,2,3107861,대기산,DAEGISAN,한국,3,암,68,12,58,003084,김한남,002038,김길홍,124023,서정숙,10500000,4830000,3150000,1470000,1050000
20260829,토요일,제주,2,일반,900,제5등급,핸디캡,R1~20,2세이상,성별오픈,3,3102101,서부검객,SEOBUGEOMGAEK,한국,6,거,68,7,55.5,003094,곽석,002042,김대연,123007,유성훈,10500000,4830000,3150000,1470000,1050000
20260829,토요일,제주,2,일반,900,제5등급,핸디캡,R1~20,2세이상,성별오픈,4,3103437,거석황후,GEOSEOKHWANGHU,한국,5,암,68,3,53.5,003073,김다영,002041,윤호상,001156,김영일1,10500000,4830000,3150000,1470000,1050000
20260829,토요일,제주,2,일반,900,제5등급,핸디캡,R1~20,2세이상,성별오픈,5,3104144,슬기돌이,SEULGIDORI,한국,4,거,68,3,53.5,003070,전현준,002030,최기호,001175,고상운,10500000,4830000,3150000,1470000,1050000
20260829,토요일,제주,2,일반,900,제5등급,핸디캡,R1~20,2세이상,성별오픈,6,3108211,대왕비,DAEWANGBI,한국,3,암,68,4,54,003082,김홍권,002033,강영진,124037,제주홀스,10500000,4830000,3150000,1470000,1050000
20260829,토요일,제주,2,일반,900,제5등급,핸디캡,R1~20,2세이상,성별오픈,7,3107629,평화군,PYEONGHWAGUN,한국,3,암,68,8,56,003081,김준호,002036,강태종,116017,고명아,10500000,4830000,3150000,1470000,1050000
20260829,토요일,제주,2,일반,900,제5등급,핸디캡,R1~20,2세이상,성별오픈,8,3105248,무영천마,MUYEONGCHEONMA,한국,4,암,68,6,55,003087,임재광,002031,심도연,121046,칼데라,10500000,4830000,3150000,1470000,1050000
20260829,토요일,제주,2,일반,900,제5등급,핸디캡,R1~20,2세이상,성별오픈,9,3104580,마인드퀸,MINDQUEEN,한국,4,암,68,2,53,003086,이동준,002039,문성호,001156,김영일1,10500000,4830000,3150000,1470000,1050000
20260829,토요일,제주,2,일반,900,제5등급,핸디캡,R1~20,2세이상,성별오픈,10,3107483,장타퀸,JANGTAQUEEN,한국,3,암,68,12,58,003080,문현진,002028,박병진,124024,김남헌,10500000,4830000,3150000,1470000,1050000
20260829,토요일,제주,3,일반,1300,제2등급,핸디캡,R61~80,2세이상,성별오픈,1,3103929,드림히트,DREAMHEAT,한국,5,거,68,63,52,003080,문현진,002026,고영덕,124030,김창균,18500000,8510000,5550000,2590000,1850000
20260829,토요일,제주,3,일반,1300,제2등급,핸디캡,R61~80,2세이상,성별오픈,2,3017958,흥국강타,HEUNGGUKGANGTA,한국,9,거,68,70,55.5,003089,박성광,002034,이태용,121046,칼데라,18500000,8510000,5550000,2590000,1850000
20260829,토요일,제주,3,일반,1300,제2등급,핸디캡,R61~80,2세이상,성별오픈,3,3102338,명문대부,MYEONGMUNDAEBU,한국,7,거,68,61,51,003092,이성민,002013,변용호,121043,명가,18500000,8510000,5550000,2590000,1850000
20260829,토요일,제주,3,일반,1300,제2등급,핸디캡,R61~80,2세이상,성별오픈,4,3018812,완벽세대,WANBYEOKSAEDAE,한국,8,암,68,78,59.5,003087,임재광,002031,심도연,111225,변완수,18500000,8510000,5550000,2590000,1850000
20260829,토요일,제주,3,일반,1300,제2등급,핸디캡,R61~80,2세이상,성별오픈,5,3101848,한백제왕,HANBAEKJEWANG,한국,6,거,68,70,55.5,003094,곽석,002042,김대연,206015,김영구,18500000,8510000,5550000,2590000,1850000
20260829,토요일,제주,3,일반,1300,제2등급,핸디캡,R61~80,2세이상,성별오픈,6,3018474,달의전사,DALUIJUNSA,한국,8,수,68,66,53.5,003075,원유일,002041,윤호상,206029,강명숙,18500000,8510000,5550000,2590000,1850000
20260829,토요일,제주,3,일반,1300,제2등급,핸디캡,R61~80,2세이상,성별오픈,7,3102589,대왕대군,DAEWANGDAEGUN,한국,6,거,68,67,54,003082,김홍권,002033,강영진,001057,고영조,18500000,8510000,5550000,2590000,1850000
20260829,토요일,제주,3,일반,1300,제2등급,핸디캡,R61~80,2세이상,성별오픈,8,3103787,보라매,BORAME,한국,5,거,68,62,51.5,003061,곽용남,002021,윤덕상,118026,강원표,18500000,8510000,5550000,2590000,1850000
20260829,토요일,제주,4,일반,1000,제5등급,핸디캡,R1~20,2세이상,성별오픈,1,3108102,용머루,YONGMEORU,한국,3,거,68,3,51,003061,곽용남,002021,윤덕상,124032,고형주,10500000,4830000,3150000,1470000,1050000
20260829,토요일,제주,4,일반,1000,제5등급,핸디캡,R1~20,2세이상,성별오픈,2,3109130,슈퍼스타,SYUPEOSEUTA,한국,2,수,68,10,54.5,003077,강수한,002038,김길홍,121038,안평림,10500000,4830000,3150000,1470000,1050000
20260829,토요일,제주,4,일반,1000,제5등급,핸디캡,R1~20,2세이상,성별오픈,3,3108144,전설마루,JEONSEOLMARU,한국,3,거,68,14,56.5,003092,이성민,002026,고영덕,124030,김창균,10500000,4830000,3150000,1470000,1050000
20260829,토요일,제주,4,일반,1000,제5등급,핸디캡,R1~20,2세이상,성별오픈,4,3103580,스트롱포스,STRONGFORCE,한국,5,거,68,16,57.5,003058,한영민,002032,김태준,001112,조창규,10500000,4830000,3150000,1470000,1050000
20260829,토요일,제주,4,일반,1000,제5등급,핸디캡,R1~20,2세이상,성별오픈,5,3104139,대보,DAEBO,한국,4,암,68,4,51.5,003095,박재희,002027,강대은,001040,조종호,10500000,4830000,3150000,1470000,1050000
20260829,토요일,제주,4,일반,1000,제5등급,핸디캡,R1~20,2세이상,성별오픈,6,3104675,전국챔프,JEONGUKCHAEMPEU,한국,4,거,68,4,51.5,003075,원유일,002028,박병진,206030,양용택,10500000,4830000,3150000,1470000,1050000
20260829,토요일,제주,4,일반,1000,제5등급,핸디캡,R1~20,2세이상,성별오픈,7,3107565,레드크라운,REDCROWN,한국,3,암,68,12,55.5,003087,임재광,002031,심도연,121046,칼데라,10500000,4830000,3150000,1470000,1050000
20260829,토요일,제주,4,일반,1000,제5등급,핸디캡,R1~20,2세이상,성별오픈,8,3105298,여포장사,YEOPOJANGSA,한국,4,거,68,12,55.5,003070,전현준,002030,최기호,001182,김창식,10500000,4830000,3150000,1470000,1050000
20260829,토요일,제주,4,일반,1000,제5등급,핸디캡,R1~20,2세이상,성별오픈,9,3107853,시종일관,SIJONGILGWAN,한국,3,거,68,5,52,003094,곽석,002042,김대연,001184,강학민,10500000,4830000,3150000,1470000,1050000
20260829,토요일,제주,4,일반,1000,제5등급,핸디캡,R1~20,2세이상,성별오픈,10,3103597,서산히어로,SEOSANHERO,한국,5,암,68,18,58.5,003082,김홍권,002033,강영진,001063,양동우,10500000,4830000,3150000,1470000,1050000
20260829,토요일,제주,5,일반,1000,제4등급,핸디캡,R21~40,2세이상,성별오픈,1,3105238,영웅킹,YEONGUNGKING,한국,4,거,68,25,52,003070,전현준,002013,변용호,121043,명가,13000000,5980000,3900000,1820000,1300000
20260829,토요일,제주,5,일반,1000,제4등급,핸디캡,R21~40,2세이상,성별오픈,2,3107614,사랑이,SARANGI,한국,3,거,68,34,56.5,003087,임재광,002031,심도연,217123,오치영,13000000,5980000,3900000,1820000,1300000
20260829,토요일,제주,5,일반,1000,제4등급,핸디캡,R21~40,2세이상,성별오픈,3,3103767,백록천주,BAENGNOKCHEONJU,한국,5,암,68,29,54,003095,박재희,002028,박병진,121039,고석희,13000000,5980000,3900000,1820000,1300000
20260829,토요일,제주,5,일반,1000,제4등급,핸디캡,R21~40,2세이상,성별오픈,4,3107542,황해바람,HWANGHAEBARAM,한국,3,거,68,39,59,003081,김준호,002036,강태종,214799,강기정,13000000,5980000,3900000,1820000,1300000
20260829,토요일,제주,5,일반,1000,제4등급,핸디캡,R21~40,2세이상,성별오픈,5,3019040,역발산,YEOKBALSAN,한국,7,수,68,36,57.5,003089,박성광,002034,이태용,121038,안평림,13000000,5980000,3900000,1820000,1300000
20260829,토요일,제주,5,일반,1000,제4등급,핸디캡,R21~40,2세이상,성별오픈,6,3103621,청마특급,CHEONGMATEUKGEUP,한국,5,거,68,30,54.5,003077,강수한,002023,한상배,001134,차청일,13000000,5980000,3900000,1820000,1300000
20260829,토요일,제주,5,일반,1000,제4등급,핸디캡,R21~40,2세이상,성별오픈,7,3104309,장타공주,JANGTAGONGJU,한국,4,암,68,34,56.5,003094,곽석,002027,강대은,001185,고임계,13000000,5980000,3900000,1820000,1300000
20260829,토요일,제주,5,일반,1000,제4등급,핸디캡,R21~40,2세이상,성별오픈,8,3107304,위하여,WIHAYEO,한국,3,수,68,23,51,003073,김다영,002039,문성호,124037,제주홀스,13000000,5980000,3900000,1820000,1300000
20260829,토요일,제주,5,일반,1000,제4등급,핸디캡,R21~40,2세이상,성별오픈,9,3107488,민강의힘,MINGANGUIHIM,한국,3,거,68,23,51,003080,문현진,002018,신경호,001049,강인선,13000000,5980000,3900000,1820000,1300000
20260829,토요일,제주,5,일반,1000,제4등급,핸디캡,R21~40,2세이상,성별오픈,10,3103622,진검승부,JINGEOMSEUNGBU,한국,5,거,68,28,53.5,003086,이동준,002039,문성호,206028,김기준,13000000,5980000,3900000,1820000,1300000
20260829,토요일,제주,6,일반,1110,제4등급,핸디캡,R21~40,2세이상,성별오픈,1,3107612,소록열풍,SOROGYEOLPUNG,한국,3,암,68,24,52.5,003058,한영민,002032,김태준,001040,조종호,13000000,5980000,3900000,1820000,1300000
20260829,토요일,제주,6,일반,1110,제4등급,핸디캡,R21~40,2세이상,성별오픈,2,3103748,질풍태양,JILPUNGTAEYANG,한국,5,수,68,26,53.5,003053,안득수,002027,강대은,001105,김무현,13000000,5980000,3900000,1820000,1300000
20260829,토요일,제주,6,일반,1110,제4등급,핸디캡,R21~40,2세이상,성별오픈,3,3107312,무림통일,MURIMTONGIL,한국,3,수,68,35,58,003080,문현진,002018,신경호,206027,신상섭,13000000,5980000,3900000,1820000,1300000
20260829,토요일,제주,6,일반,1110,제4등급,핸디캡,R21~40,2세이상,성별오픈,4,3104135,명품최고,MYEONGPUMCHOEGO,한국,4,수,68,27,54,003081,김준호,002036,강태종,001053,강영종,13000000,5980000,3900000,1820000,1300000
20260829,토요일,제주,6,일반,1110,제4등급,핸디캡,R21~40,2세이상,성별오픈,5,3104085,명품최강,MYEONGPUMCHOEGANG,한국,4,거,68,24,52.5,003070,전현준,002029,이준호,001158,강태민,13000000,5980000,3900000,1820000,1300000
20260829,토요일,제주,6,일반,1110,제4등급,핸디캡,R21~40,2세이상,성별오픈,6,3104682,지구용사,JIGUYONGSA,한국,4,거,68,36,58.5,003077,강수한,002038,김길홍,121044,한빛,13000000,5980000,3900000,1820000,1300000
20260829,토요일,제주,6,일반,1110,제4등급,핸디캡,R21~40,2세이상,성별오픈,7,3101660,바로고,BAROGO,한국,6,암,68,21,51,003075,원유일,002018,신경호,206042,강길자,13000000,5980000,3900000,1820000,1300000
20260829,토요일,제주,6,일반,1110,제4등급,핸디캡,R21~40,2세이상,성별오픈,8,3105277,지고지상,JIGOJISANG,한국,4,암,68,29,55,003089,박성광,002034,이태용,121038,안평림,13000000,5980000,3900000,1820000,1300000
20260829,토요일,제주,6,일반,1110,제4등급,핸디캡,R21~40,2세이상,성별오픈,9,3107876,블루칸,BLUEKAN,한국,3,거,68,23,52,003096,양민재,002013,변용호,116012,윤은옥,13000000,5980000,3900000,1820000,1300000
20260829,토요일,제주,6,일반,1110,제4등급,핸디캡,R21~40,2세이상,성별오픈,10,3101746,설향,SEOLHYANG,한국,7,암,68,22,51.5,003061,곽용남,002021,윤덕상,001153,김용래,13000000,5980000,3900000,1820000,1300000
20260829,토요일,제주,7,일반,1200,제3등급,핸디캡,R41~60,2세이상,성별오픈,1,3101520,수월용사,SUWEOLYONGSA,한국,6,거,68,53,57,003089,박성광,002034,이태용,121031,고재언,15500000,7130000,4650000,2170000,1550000
20260829,토요일,제주,7,일반,1200,제3등급,핸디캡,R41~60,2세이상,성별오픈,2,3103795,로한,ROHAN,한국,5,거,68,56,58.5,003058,한영민,002032,김태준,117049,웅진산업,15500000,7130000,4650000,2170000,1550000
20260829,토요일,제주,7,일반,1200,제3등급,핸디캡,R41~60,2세이상,성별오픈,3,3107607,백록챔프,BAENGNOKCHAMP,한국,3,암,68,49,55,003070,전현준,002028,박병진,116033,돈마,15500000,7130000,4650000,2170000,1550000
20260829,토요일,제주,7,일반,1200,제3등급,핸디캡,R41~60,2세이상,성별오픈,4,3103690,청룡불빛,CHEONGNYONGBULKKOT,한국,5,거,68,48,54.5,003081,김준호,002036,강태종,117051,청룡,15500000,7130000,4650000,2170000,1550000
20260829,토요일,제주,7,일반,1200,제3등급,핸디캡,R41~60,2세이상,성별오픈,5,3017944,불빛최강,BULBITCHOEGANG,한국,9,거,68,48,54.5,003082,김홍권,002033,강영진,116005,조경수,15500000,7130000,4650000,2170000,1550000
20260829,토요일,제주,7,일반,1200,제3등급,핸디캡,R41~60,2세이상,성별오픈,6,3103770,일품가속,ILPUMGASOK,한국,5,수,68,55,58,003087,임재광,002029,이준호,117043,김경국,15500000,7130000,4650000,2170000,1550000
20260829,토요일,제주,7,일반,1200,제3등급,핸디캡,R41~60,2세이상,성별오픈,7,3104811,뉴저지,NEWJERSEY,한국,4,거,68,45,53,003092,이성민,002026,고영덕,116031,최남단,15500000,7130000,4650000,2170000,1550000
20260829,토요일,제주,7,일반,1200,제3등급,핸디캡,R41~60,2세이상,성별오픈,8,3018522,명가의힘,MYEONGGAUIHIM,한국,8,수,68,47,54,003044,정명일,002023,한상배,001121,송자민,15500000,7130000,4650000,2170000,1550000
20260829,토요일,제주,7,일반,1200,제3등급,핸디캡,R41~60,2세이상,성별오픈,9,3102279,찬스강,CHANCEGANG,한국,6,거,68,41,51,003080,문현진,002029,이준호,001092,김태옥,15500000,7130000,4650000,2170000,1550000
20260829,토요일,제주,7,일반,1200,제3등급,핸디캡,R41~60,2세이상,성별오픈,10,3103695,봉천수,BONGCHEONSU,한국,5,수,68,53,57,003077,강수한,002038,김길홍,001010,강춘시,15500000,7130000,4650000,2170000,1550000
20260830,일요일,부산경남,1,일반,1800,혼4등급,핸디캡,R0~50,연령오픈,성별오픈,1,0046518,디먼스파이,DEMON SPY,미국,7,거,65,40,53,080401,김동영,070263,양영남,112049,박희준,33000000,13200000,8400000,3000000,2400000
20260830,일요일,부산경남,1,일반,1800,혼4등급,핸디캡,R0~50,연령오픈,성별오픈,2,0053960,오아시스아델,OASIS ADELE,한국,3,수,65,38,52.5,080605,서강주,070130,백광열,105127,이종훈,33000000,13200000,8400000,3000000,2400000
20260830,일요일,부산경남,1,일반,1800,혼4등급,핸디캡,R0~50,연령오픈,성별오픈,3,0056575,두둥,DUDUNG,미국,4,수,65,49,57.5,080580,전진구,070292,김혜선,110064,민병욱,33000000,13200000,8400000,3000000,2400000
20260830,일요일,부산경남,1,일반,1800,혼4등급,핸디캡,R0~50,연령오픈,성별오픈,4,0044191,은성영웅,EUNSEONG YEONGUNG,한국,7,수,65,48,57,080532,채상현,070133,윤영훈,104130,이계옥,33000000,13200000,8400000,3000000,2400000
20260830,일요일,부산경남,1,일반,1800,혼4등급,핸디캡,R0~50,연령오픈,성별오픈,5,0053895,글로벌프린스,GLOBAL PRINCE,한국,3,수,65,42,54,080551,진겸,070141,이상영,106289,김준현,33000000,13200000,8400000,3000000,2400000
20260830,일요일,부산경남,1,일반,1800,혼4등급,핸디캡,R0~50,연령오픈,성별오픈,6,1412179,브라운팰컨,BROWN FALCON,한국,5,암,65,43,52.5,080565,정도윤,070128,임금만,112004,류주영,33000000,13200000,8400000,3000000,2400000
20260830,일요일,부산경남,1,일반,1800,혼4등급,핸디캡,R0~50,연령오픈,성별오픈,7,0051547,레이스마린,RACE MARINE,한국,4,거,65,40,53,080421,송경윤,070223,강은석,112286,이경희,33000000,13200000,8400000,3000000,2400000
20260830,일요일,부산경남,1,일반,1800,혼4등급,핸디캡,R0~50,연령오픈,성별오픈,8,0047410,네버스톱희망,NEVERSTOP HEEMANG,한국,5,거,65,37,52.5,080568,다실바,070137,조용배,106043,김무현,33000000,13200000,8400000,3000000,2400000
20260830,일요일,부산경남,1,일반,1800,혼4등급,핸디캡,R0~50,연령오픈,성별오픈,9,0060856,게인더서밋,GAIN THE SUMMIT,호주,3,수,65,38,52.5,080423,최시대,070128,임금만,110056,신우철,33000000,13200000,8400000,3000000,2400000
20260830,일요일,부산경남,1,일반,1800,혼4등급,핸디캡,R0~50,연령오픈,성별오픈,10,0054544,퀸야라,QUEEN YARA,미국,5,암,65,39,52.5,080438,조인권,070129,최기홍,105113,최상일,33000000,13200000,8400000,3000000,2400000
20260830,일요일,부산경남,1,일반,1800,혼4등급,핸디캡,R0~50,연령오픈,성별오픈,11,0050674,서울드래곤,SEOUL DRAGON,한국,4,수,65,36,52.5,080431,이성재,070186,라이스,125014,(주)메타플렉스,33000000,13200000,8400000,3000000,2400000
20260830,일요일,부산경남,2,일반,1200,국6등급,별정A,R0~0,2세,성별오픈,1,0055720,용비엑스,YONGBI-X,한국,2,수,66,0,51.5,080620,손경민,070134,강형곤,122013,정성진,24750000,9900000,6300000,2250000,1800000
20260830,일요일,부산경남,2,일반,1200,국6등급,별정A,R0~0,2세,성별오픈,2,0056823,빅토리챔프,VICTORY CHAMP,한국,2,수,66,0,54.5,080551,진겸,070136,민장기,105127,이종훈,24750000,9900000,6300000,2250000,1800000
20260830,일요일,부산경남,2,일반,1200,국6등급,별정A,R0~0,2세,성별오픈,3,0055706,히트더러닝,HIT THE RUNNING,한국,2,수,66,0,54.5,080566,최은경,070142,방동석,106289,김준현,24750000,9900000,6300000,2250000,1800000
20260830,일요일,부산경남,2,일반,1200,국6등급,별정A,R0~0,2세,성별오픈,4,0055977,선더크러시,THUNDER CRUSH,한국,2,수,66,0,54.5,080516,다나카,070186,라이스,125019,안슬민,24750000,9900000,6300000,2250000,1800000
20260830,일요일,부산경남,2,일반,1200,국6등급,별정A,R0~0,2세,성별오픈,5,0055828,운주러너,UNJU RUNNER,한국,2,수,66,0,54.5,080568,다실바,070086,권승주,118013,부수선,24750000,9900000,6300000,2250000,1800000
20260830,일요일,부산경남,2,일반,1200,국6등급,별정A,R0~0,2세,성별오픈,6,0055826,다날다,DANALDA,한국,2,암,66,0,52.5,080431,이성재,070250,김도현,111078,이종석,24750000,9900000,6300000,2250000,1800000
20260830,일요일,부산경남,2,일반,1200,국6등급,별정A,R0~0,2세,성별오픈,7,0057766,트리플강자,TRIPLE GANGJA,한국,2,수,66,0,54.5,080423,최시대,070136,민장기,117045,신영미,24750000,9900000,6300000,2250000,1800000
20260830,일요일,부산경남,2,일반,1200,국6등급,별정A,R0~0,2세,성별오픈,8,0056073,대성스카이,DAESEONG SKY,한국,2,수,66,0,54.5,080484,서승운,070173,구민성,123027,청솔,24750000,9900000,6300000,2250000,1800000
20260830,일요일,부산경남,2,일반,1200,국6등급,별정A,R0~0,2세,성별오픈,9,0055995,골든클로버,GOLDEN CLOVER,한국,2,수,66,0,54.5,080605,서강주,070250,김도현,065012,김용래,24750000,9900000,6300000,2250000,1800000
20260830,일요일,부산경남,2,일반,1200,국6등급,별정A,R0~0,2세,성별오픈,10,0055633,미스터선샤인,MR. SUNSHINE,한국,2,수,66,0,54.5,080438,조인권,070141,이상영,117053,김은태,24750000,9900000,6300000,2250000,1800000
20260830,일요일,부산경남,2,일반,1200,국6등급,별정A,R0~0,2세,성별오픈,11,0055617,판타스틱호프,FANTASTIC HOPE,한국,2,수,66,0,54.5,080546,박재이,070302,손병철,118030,무지개렌트카,24750000,9900000,6300000,2250000,1800000
20260830,일요일,부산경남,3,일반,1300,국6등급,별정A,R0~0,연령오픈,암,1,0053854,블루트리,BLUE TREE,한국,3,암,66,0,54,080546,박재이,070302,손병철,113127,김지열,24750000,9900000,6300000,2250000,1800000
20260830,일요일,부산경남,3,일반,1300,국6등급,별정A,R0~0,연령오픈,암,2,0052898,헤이콰드라스,HEY QUADRAS,한국,3,암,66,0,54,080580,전진구,070263,양영남,112290,박병현,24750000,9900000,6300000,2250000,1800000
20260830,일요일,부산경남,3,일반,1300,국6등급,별정A,R0~0,연령오픈,암,3,0054162,골드아치,GOLD ARCH,한국,3,암,66,0,52,080610,이홍락,070134,강형곤,065003,강영종,24750000,9900000,6300000,2250000,1800000
20260830,일요일,부산경남,3,일반,1300,국6등급,별정A,R0~0,연령오픈,암,4,0053925,버터크래시,BUTTER CRASH,한국,3,암,66,0,54,080401,김동영,070143,하무선,123027,청솔,24750000,9900000,6300000,2250000,1800000
20260830,일요일,부산경남,3,일반,1300,국6등급,별정A,R0~0,연령오픈,암,5,0053040,글레디모어,GLADY MORE,한국,3,암,66,0,54,080606,신윤섭,070173,구민성,119005,허정완,24750000,9900000,6300000,2250000,1800000
20260830,일요일,부산경남,3,일반,1300,국6등급,별정A,R0~0,연령오픈,암,6,0053144,서귀클래스,SEOGWI CLASS,한국,3,암,66,0,54,080403,김어수,070133,윤영훈,105081,서귀포시축협,24750000,9900000,6300000,2250000,1800000
20260830,일요일,부산경남,3,일반,1300,국6등급,별정A,R0~0,연령오픈,암,7,0054325,이글마인,EAGLE MINE,한국,3,암,66,0,54,080122,신형철,070137,조용배,106272,김근영,24750000,9900000,6300000,2250000,1800000
20260830,일요일,부산경남,3,일반,1300,국6등급,별정A,R0~0,연령오픈,암,8,0053003,월드빅스캣,WORLD VICS CAT,한국,3,암,66,0,54,080566,최은경,070142,방동석,104100,윤지중,24750000,9900000,6300000,2250000,1800000
20260830,일요일,부산경남,3,일반,1300,국6등급,별정A,R0~0,연령오픈,암,9,0055646,루비공주,RUBY GONGJU,한국,2,암,66,0,52.5,080423,최시대,070173,구민성,122014,그열정그대로,24750000,9900000,6300000,2250000,1800000
20260830,일요일,부산경남,3,일반,1300,국6등급,별정A,R0~0,연령오픈,암,10,0054582,금빛스프링,GEUMBIT SPRING,한국,3,암,66,0,54,080438,조인권,070137,조용배,106043,김무현,24750000,9900000,6300000,2250000,1800000
20260830,일요일,부산경남,3,일반,1300,국6등급,별정A,R0~0,연령오픈,암,11,0053630,인피니트위너,INFINITE WINNER,한국,3,암,66,0,54,080568,다실바,070176,구영준,110056,신우철,24750000,9900000,6300000,2250000,1800000
20260830,일요일,부산경남,4,일반,1300,국5등급,핸디캡,R1~35,연령오픈,암,1,0052501,닥터매터스,DOCTOR MATTERS,한국,4,암,66,35,56.5,080516,다나카,070226,박재호,117002,권혁희,24750000,9900000,6300000,2250000,1800000
20260830,일요일,부산경남,4,일반,1300,국5등급,핸디캡,R1~35,연령오픈,암,2,0054168,백투더드림,BACK TO THE DREAM,한국,3,암,66,29,53.5,080484,서승운,070302,손병철,118030,무지개렌트카,24750000,9900000,6300000,2250000,1800000
20260830,일요일,부산경남,4,일반,1300,국5등급,핸디캡,R1~35,연령오픈,암,3,0056056,글로벌히로인,GLOBAL HEROINE ,한국,4,암,66,27,52.5,080568,다실바,070137,조용배,201751,차청일,24750000,9900000,6300000,2250000,1800000
20260830,일요일,부산경남,4,일반,1300,국5등급,핸디캡,R1~35,연령오픈,암,4,0054240,태양의열정,TAEYANGUIYEOLJEONG,한국,3,암,66,28,53,080565,정도윤,070128,임금만,104077,최원길,24750000,9900000,6300000,2250000,1800000
20260830,일요일,부산경남,4,일반,1300,국5등급,핸디캡,R1~35,연령오픈,암,5,0050814,짝사랑,JJAK SARANG,한국,4,암,66,30,54,080532,채상현,070226,박재호,065127,페가수스,24750000,9900000,6300000,2250000,1800000
20260830,일요일,부산경남,4,일반,1300,국5등급,핸디캡,R1~35,연령오픈,암,6,0045757,벨로시랩터,VELOCIRAPTOR,한국,6,암,66,23,51,080612,김성현,070129,최기홍,112286,이경희,24750000,9900000,6300000,2250000,1800000
20260830,일요일,부산경남,4,일반,1300,국5등급,핸디캡,R1~35,연령오픈,암,7,0051596,월드트리플캣,WORLD TRIPLE CAT,한국,4,암,66,25,52.5,080431,이성재,070142,방동석,104100,윤지중,24750000,9900000,6300000,2250000,1800000
20260830,일요일,부산경남,4,일반,1300,국5등급,핸디캡,R1~35,연령오픈,암,8,0051894,미주리챔프,MISSOURI CHAMP,한국,4,암,66,27,52.5,080605,서강주,070086,권승주,118028,백용덕,24750000,9900000,6300000,2250000,1800000
20260830,일요일,부산경남,4,일반,1300,국5등급,핸디캡,R1~35,연령오픈,암,9,0053274,그레이트파워,GREAT POWER,한국,3,암,66,30,54,080421,송경윤,070129,최기홍,105133,양정두,24750000,9900000,6300000,2250000,1800000
20260830,일요일,부산경남,4,일반,1300,국5등급,핸디캡,R1~35,연령오픈,암,10,0051940,퓨어마린,PURE MARINE,한국,4,암,66,29,53.5,080566,최은경,070263,양영남,112286,이경희,24750000,9900000,6300000,2250000,1800000
20260830,일요일,부산경남,4,일반,1300,국5등급,핸디캡,R1~35,연령오픈,암,11,0054583,두바이캔디,DUBAI CANDY,한국,3,암,66,26,52.5,080423,최시대,070251,임성실,120004,빅크루즈,24750000,9900000,6300000,2250000,1800000
20260830,일요일,부산경남,5,일반,1600,국5등급,핸디캡,R1~35,연령오픈,성별오픈,1,0052092,브리도아레나,BREEDO ARENA,한국,4,암,66,34,56,080403,김어수,070180,안우성,122019,조수영,24750000,9900000,6300000,2250000,1800000
20260830,일요일,부산경남,5,일반,1600,국5등급,핸디캡,R1~35,연령오픈,성별오픈,2,0047409,돌아온삼손,DORAON SAMSON,한국,5,거,66,26,54,080484,서승운,070133,윤영훈,104161,송정아,24750000,9900000,6300000,2250000,1800000
20260830,일요일,부산경남,5,일반,1600,국5등급,핸디캡,R1~35,연령오픈,성별오픈,3,0045858,스토미데이,STORMY DAY,한국,6,수,66,24,53,080431,이성재,070134,강형곤,106231,김재윤,24750000,9900000,6300000,2250000,1800000
20260830,일요일,부산경남,5,일반,1600,국5등급,핸디캡,R1~35,연령오픈,성별오픈,4,0047401,벌교사랑,BEOLGYO SARANG,한국,5,거,66,23,52.5,080122,신형철,070137,조용배,123007,유성훈,24750000,9900000,6300000,2250000,1800000
20260830,일요일,부산경남,5,일반,1600,국5등급,핸디캡,R1~35,연령오픈,성별오픈,5,0051700,매직쇼,MAGIC SHOW,한국,4,암,66,30,54,080551,진겸,070141,이상영,122002,전주동,24750000,9900000,6300000,2250000,1800000
20260830,일요일,부산경남,5,일반,1600,국5등급,핸디캡,R1~35,연령오픈,성별오픈,6,0053571,보령더퀸,BORYEONG THE QUEEN,한국,3,암,66,30,54,080401,김동영,070128,임금만,104077,최원길,24750000,9900000,6300000,2250000,1800000
20260830,일요일,부산경남,5,일반,1600,국5등급,핸디캡,R1~35,연령오픈,성별오픈,7,0051312,벌교마법사,BEOLGYO MABEOPSA,한국,4,수,66,27,54.5,080606,신윤섭,070251,임성실,123007,유성훈,24750000,9900000,6300000,2250000,1800000
20260830,일요일,부산경남,5,일반,1600,국5등급,핸디캡,R1~35,연령오픈,성별오픈,8,0053141,킹블랙,KING BLACK,한국,3,거,66,31,56.5,080568,다실바,070194,토마스,115009,김호영,24750000,9900000,6300000,2250000,1800000
20260830,일요일,부산경남,5,일반,1600,국5등급,핸디캡,R1~35,연령오픈,성별오픈,9,0052571,섬싱엘스,SOMETHING ELSE,한국,4,수,66,27,54.5,080546,박재이,070302,손병철,110064,민병욱,24750000,9900000,6300000,2250000,1800000
20260830,일요일,부산경남,5,일반,1600,국5등급,핸디캡,R1~35,연령오픈,성별오픈,10,0051053,최강루이스,CHOEGANG LOUIS,한국,4,거,66,26,54,080438,조인권,070134,강형곤,105008,전종섭,24750000,9900000,6300000,2250000,1800000
20260830,일요일,부산경남,5,일반,1600,국5등급,핸디캡,R1~35,연령오픈,성별오픈,11,0046906,상임스타,SANGIM STAR,한국,5,암,66,33,55.5,080580,전진구,070129,최기홍,104069,이시환,24750000,9900000,6300000,2250000,1800000
20260830,일요일,부산경남,6,일반,1800,혼3등급,핸디캡,R1~65,연령오픈,성별오픈,1,0046789,영광의프린스,YEONGGWANGUIPRINCE,한국,5,거,66,59,55,080122,신형철,070194,토마스,110048,변창덕,41250000,16500000,10500000,3750000,3000000
20260830,일요일,부산경남,6,일반,1800,혼3등급,핸디캡,R1~65,연령오픈,성별오픈,2,0050975,플라잉더칸,FLYING THE KHAN,한국,4,수,66,53,52.5,080566,최은경,070180,안우성,110028,김형순,41250000,16500000,10500000,3750000,3000000
20260830,일요일,부산경남,6,일반,1800,혼3등급,핸디캡,R1~65,연령오픈,성별오픈,3,0051115,에어시티,AIR CITY,한국,4,거,66,52,52.5,080565,정도윤,070137,조용배,106272,김근영,41250000,16500000,10500000,3750000,3000000
20260830,일요일,부산경남,6,일반,1800,혼3등급,핸디캡,R1~65,연령오픈,성별오픈,4,0053357,대성골드,DAESEONG GOLD,한국,3,수,66,58,54.5,080551,진겸,070173,구민성,123027,청솔,41250000,16500000,10500000,3750000,3000000
20260830,일요일,부산경남,6,일반,1800,혼3등급,핸디캡,R1~65,연령오픈,성별오픈,5,0051632,앤버니,ANN BUNNY,한국,4,암,66,51,52.5,080532,채상현,070226,박재호,065127,페가수스,41250000,16500000,10500000,3750000,3000000
20260830,일요일,부산경남,6,일반,1800,혼3등급,핸디캡,R1~65,연령오픈,성별오픈,6,0047412,국대스타,GUKDAE STAR,한국,5,수,66,57,54,080431,이성재,070186,라이스,104117,정영광,41250000,16500000,10500000,3750000,3000000
20260830,일요일,부산경남,6,일반,1800,혼3등급,핸디캡,R1~65,연령오픈,성별오픈,7,0051827,위너스루키,WINNERS ROOKIE,한국,4,암,66,55,52.5,080421,송경윤,070136,민장기,112008,김종업,41250000,16500000,10500000,3750000,3000000
20260830,일요일,부산경남,6,일반,1800,혼3등급,핸디캡,R1~65,연령오픈,성별오픈,8,0051082,탄탄대로,TANTAN DAERO,한국,4,거,66,53,52.5,080580,전진구,070137,조용배,122014,그열정그대로,41250000,16500000,10500000,3750000,3000000
20260830,일요일,부산경남,6,일반,1800,혼3등급,핸디캡,R1~65,연령오픈,성별오픈,9,0047194,스텔스모드,STEALTH MODE,한국,5,거,66,53,52.5,080568,다실바,070186,라이스,065127,페가수스,41250000,16500000,10500000,3750000,3000000
20260830,일요일,부산경남,6,일반,1800,혼3등급,핸디캡,R1~65,연령오픈,성별오픈,10,0060357,센세이셔널윈,SENSATIONAL WIN,미국,3,수,66,59,55,080546,박재이,070302,손병철,118011,김혜진,41250000,16500000,10500000,3750000,3000000
20260830,일요일,부산경남,6,일반,1800,혼3등급,핸디캡,R1~65,연령오픈,성별오픈,11,0054743,원대한꿈,WONDAEHAN KKUM,미국,4,거,66,65,58,080516,다나카,070173,구민성,106092,홍경표,41250000,16500000,10500000,3750000,3000000
20260830,일요일,부산경남,7,일반,1400,2등급,핸디캡,R1~80,연령오픈,성별오픈,1,0051310,원더풀존스,WONDERFUL JONES,한국,4,수,66,72,57.5,080431,이성재,070194,토마스,111077,지성배,49500000,19800000,12600000,4500000,3600000
20260830,일요일,부산경남,7,일반,1400,2등급,핸디캡,R1~80,연령오픈,성별오픈,2,0046913,글로벌태양,GLOBAL TAEYANG,한국,5,암,66,74,56.5,080565,정도윤,070142,방동석,104112,이동훈,49500000,19800000,12600000,4500000,3600000
20260830,일요일,부산경남,7,일반,1400,2등급,핸디캡,R1~80,연령오픈,성별오픈,3,0043670,윈드위너,WIND WINNER,한국,7,거,66,71,57,080516,다나카,070141,이상영,111080,곽희원,49500000,19800000,12600000,4500000,3600000
20260830,일요일,부산경남,7,일반,1400,2등급,핸디캡,R1~80,연령오픈,성별오픈,4,0046172,마가리타,MAGARITA,한국,6,암,66,74,53.5,080620,손경민,070194,토마스,216115,제임스윗펠드,49500000,19800000,12600000,4500000,3600000
20260830,일요일,부산경남,7,일반,1400,2등급,핸디캡,R1~80,연령오픈,성별오픈,5,0053441,트윈레인보우,TWIN RAINBOW,한국,3,암,66,69,54,080568,다실바,070186,라이스,109137,최병부,49500000,19800000,12600000,4500000,3600000
20260830,일요일,부산경남,7,일반,1400,2등급,핸디캡,R1~80,연령오픈,성별오픈,6,0051604,월드리스트캣,WORLD LIST CAT,한국,4,암,66,72,55.5,080546,박재이,070142,방동석,104100,윤지중,49500000,19800000,12600000,4500000,3600000
20260830,일요일,부산경남,7,일반,1400,2등급,핸디캡,R1~80,연령오픈,성별오픈,7,0053846,카탈리나마린,CATALINA MARINE,미국,5,거,66,73,58,080421,송경윤,070129,최기홍,112286,이경희,49500000,19800000,12600000,4500000,3600000
20260830,일요일,부산경남,7,일반,1400,2등급,핸디캡,R1~80,연령오픈,성별오픈,8,0051457,벌마킹,BEOLMA KING,한국,4,수,66,74,58.5,080423,최시대,070130,백광열,117004,이장현,49500000,19800000,12600000,4500000,3600000
20260830,일요일,부산경남,7,일반,1400,2등급,핸디캡,R1~80,연령오픈,성별오픈,9,0051189,드래곤닌자,DRAGON NINJA,한국,4,거,66,71,57,080551,진겸,070249,문현철,125014,(주)메타플렉스,49500000,19800000,12600000,4500000,3600000
20260830,일요일,부산경남,7,일반,1400,2등급,핸디캡,R1~80,연령오픈,성별오픈,10,0052903,금아어뎁트,GEUMA ADEPT,한국,3,수,66,67,55,080484,서승운,070141,이상영,117038,금아산업(주),49500000,19800000,12600000,4500000,3600000
20260830,일요일,부산경남,7,일반,1400,2등급,핸디캡,R1~80,연령오픈,성별오픈,11,1412043,희망가람,HEUIMANG GARAM,한국,5,수,66,69,56,080532,채상현,070176,구영준,112019,최종하,49500000,19800000,12600000,4500000,3600000
20260830,일요일,서울,1,일반,1400,국6등급,별정A,R0~0,2세,성별오픈,1,0055980,에코볼트,ECO BOLT,한국,2,수,68,0,54.5,080624,루이스,070248,함완식,010421,이종원,24750000,9900000,6300000,2250000,1800000
20260830,일요일,서울,1,일반,1400,국6등급,별정A,R0~0,2세,성별오픈,2,0055491,걸작번개,GEOLJAK BEONGAE,한국,2,수,68,0,54.5,080578,김효정,070293,정하백,105249,박덕희,24750000,9900000,6300000,2250000,1800000
20260830,일요일,서울,1,일반,1400,국6등급,별정A,R0~0,2세,성별오픈,3,0055497,통쾌한승자,TONGKWAEHANSEUNGJA,한국,2,수,68,0,54.5,080617,코지,070265,토니,119013,김영선,24750000,9900000,6300000,2250000,1800000
20260830,일요일,서울,1,일반,1400,국6등급,별정A,R0~0,2세,성별오픈,4,0055718,용비신성,YONGBI SINSEONG,한국,2,수,68,0,54.5,080417,유승완,070300,백종수,122013,정성진,24750000,9900000,6300000,2250000,1800000
20260830,일요일,서울,1,일반,1400,국6등급,별정A,R0~0,2세,성별오픈,5,0056247,레전드몬스터,LEGEND MONSTER,한국,2,수,68,0,54.5,080611,푸르칸,070146,안병기,124043,환상마,24750000,9900000,6300000,2250000,1800000
20260830,일요일,서울,1,일반,1400,국6등급,별정A,R0~0,2세,성별오픈,6,0055356,명파워풀,MYEONG POWERFUL,한국,2,수,68,0,54.5,080582,빅투아르,070225,문병기,106168,(주)자성실업,24750000,9900000,6300000,2250000,1800000
20260830,일요일,서울,1,일반,1400,국6등급,별정A,R0~0,2세,성별오픈,7,0055468,플라잉드림,FLYING DREAM,한국,2,수,68,0,53.5,080621,우인철,070197,이준철,110028,김형순,24750000,9900000,6300000,2250000,1800000
20260830,일요일,서울,1,일반,1400,국6등급,별정A,R0~0,2세,성별오픈,8,0056087,골드엑스,GOLD X,한국,2,수,68,0,54.5,080473,김정준,070166,심승태,065133,이종욱,24750000,9900000,6300000,2250000,1800000
20260830,일요일,서울,1,일반,1400,국6등급,별정A,R0~0,2세,성별오픈,9,0056780,카레이칸,CAREI KHAN,한국,2,수,68,0,54.5,080512,김태훈,070165,서인석,121012,전은영,24750000,9900000,6300000,2250000,1800000
20260830,일요일,서울,1,일반,1400,국6등급,별정A,R0~0,2세,성별오픈,10,0055301,뉴발삭스,NEWBAL SOCKS,한국,2,수,68,0,54.5,080550,조재로,070181,이관호,010352,김창식,24750000,9900000,6300000,2250000,1800000
20260830,일요일,서울,2,일반,1300,국6등급,별정A,R0~0,연령오픈,성별오픈,1,0053317,벌교시그니처,BEOLGYO SIGNATURE,한국,3,수,68,0,56,080602,임다빈,070306,홍윤화,123007,유성훈,16500000,6600000,4200000,1500000,1200000
20260830,일요일,서울,2,일반,1300,국6등급,별정A,R0~0,연령오픈,성별오픈,2,0053128,맥스맨,MAX MAN,한국,3,수,68,0,56,080599,김태현,070164,박재우,111004,김세권,16500000,6600000,4200000,1500000,1200000
20260830,일요일,서울,2,일반,1300,국6등급,별정A,R0~0,연령오픈,성별오픈,3,0053879,마스크걸,MASK GIRL,한국,3,암,68,0,54,080476,장추열,070225,문병기,105239,김진태a,16500000,6600000,4200000,1500000,1200000
20260830,일요일,서울,2,일반,1300,국6등급,별정A,R0~0,연령오픈,성별오픈,4,0051297,엔젤타임,ANGEL TIME,한국,4,암,68,0,54,080578,김효정,070179,송문길,121005,박민지,16500000,6600000,4200000,1500000,1200000
20260830,일요일,서울,2,일반,1300,국6등급,별정A,R0~0,연령오픈,성별오픈,5,0053896,다이내믹포스,DYNAMIC FORCE,한국,3,수,68,0,56,080530,정정희,070244,리카디,216420,이일형,16500000,6600000,4200000,1500000,1200000
20260830,일요일,서울,2,일반,1300,국6등급,별정A,R0~0,연령오픈,성별오픈,6,0051381,그레이팬텀,GRAY PHANTOM,한국,4,암,68,0,54,080608,오수철,070247,이동국,010486,김길중,16500000,6600000,4200000,1500000,1200000
20260830,일요일,서울,2,일반,1300,국6등급,별정A,R0~0,연령오픈,성별오픈,7,0047428,크리솔포시,CHRYSOL POSH,한국,5,암,68,0,54,080617,코지,070182,전승규,214126,요시다가츠미,16500000,6600000,4200000,1500000,1200000
20260830,일요일,서울,2,일반,1300,국6등급,별정A,R0~0,연령오픈,성별오픈,8,0052795,파워풀돈,POWERFUL DAWN,한국,3,암,68,0,54,080512,김태훈,070248,함완식,010498,지대섭,16500000,6600000,4200000,1500000,1200000
20260830,일요일,서울,2,일반,1300,국6등급,별정A,R0~0,연령오픈,성별오픈,9,0053817,거센함성,GEOSEN HAMSEONG,한국,3,수,68,0,56,080486,이혁,070167,이신우,105211,강석대,16500000,6600000,4200000,1500000,1200000
20260830,일요일,서울,2,일반,1300,국6등급,별정A,R0~0,연령오픈,성별오픈,10,0057583,제주프린세스,JEJU PRINCESS,한국,3,암,68,0,54,080624,루이스,070096,서범석,215328,무라카미켄세이,16500000,6600000,4200000,1500000,1200000
20260830,일요일,서울,2,일반,1300,국6등급,별정A,R0~0,연령오픈,성별오픈,11,0053262,골든워리어,GOLDEN WARRIOR,한국,3,암,68,0,54,080550,조재로,070165,서인석,105194,홍상기,16500000,6600000,4200000,1500000,1200000
20260830,일요일,서울,3,일반,1800,국5등급,핸디캡,R1~35,연령오픈,성별오픈,1,0052135,카라케이,KARA K,한국,4,암,68,26,52.5,080473,김정준,070179,송문길,117025,강경운,24750000,9900000,6300000,2250000,1800000
20260830,일요일,서울,3,일반,1800,국5등급,핸디캡,R1~35,연령오픈,성별오픈,2,0053875,클럽맨,CLUB MAN,한국,3,수,68,29,54,080602,임다빈,070096,서범석,110016,최홍일,24750000,9900000,6300000,2250000,1800000
20260830,일요일,서울,3,일반,1800,국5등급,핸디캡,R1~35,연령오픈,성별오픈,3,0060715,클로버톱,CLOVER TOP,미국,3,거,68,32,55.5,080512,김태훈,070182,전승규,111042,박철근,24750000,9900000,6300000,2250000,1800000
20260830,일요일,서울,3,일반,1800,국5등급,핸디캡,R1~35,연령오픈,성별오픈,4,0052143,럭키서니,LUCKY SUNNY,한국,4,수,68,25,52,080599,김태현,070164,박재우,121014,럭키팜,24750000,9900000,6300000,2250000,1800000
20260830,일요일,서울,3,일반,1800,국5등급,핸디캡,R1~35,연령오픈,성별오픈,5,0047175,포에틱누비,POETIC NUBI,한국,5,암,68,23,52.5,080578,김효정,070165,서인석,010190,천병득,24750000,9900000,6300000,2250000,1800000
20260830,일요일,서울,3,일반,1800,국5등급,핸디캡,R1~35,연령오픈,성별오픈,6,0053543,서브미션,SUBMISSION,한국,3,거,68,28,53.5,080476,장추열,070305,차우호,116058,말사모,24750000,9900000,6300000,2250000,1800000
20260830,일요일,서울,3,일반,1800,국5등급,핸디캡,R1~35,연령오픈,성별오픈,7,0060360,최고벨트,CHOEGO BELT,미국,3,거,68,34,56.5,080530,정정희,070244,리카디,121047,이강운,24750000,9900000,6300000,2250000,1800000
20260830,일요일,서울,3,일반,1800,국5등급,핸디캡,R1~35,연령오픈,성별오픈,8,0051463,호명퀸,HOMYEONG QUEEN,한국,5,암,68,35,51,080622,조성환,070247,이동국,215356,양일추,24750000,9900000,6300000,2250000,1800000
20260830,일요일,서울,3,일반,1800,국5등급,핸디캡,R1~35,연령오픈,성별오픈,9,0054584,럭키조이,LUCKY JOY,한국,3,거,68,32,55.5,080487,임기원,070164,박재우,121014,럭키팜,24750000,9900000,6300000,2250000,1800000
20260830,일요일,서울,3,일반,1800,국5등급,핸디캡,R1~35,연령오픈,성별오픈,10,0053550,크리솔스텝,CHRYSOL STEP,한국,3,수,68,27,53,080417,유승완,070146,안병기,214126,요시다가츠미,24750000,9900000,6300000,2250000,1800000
20260830,일요일,서울,4,일반,1300,국5등급,핸디캡,R1~35,연령오픈,암,1,0053902,성실위너,SEONGSIL WINNER,한국,3,암,68,28,53,080599,김태현,070166,심승태,104112,이동훈,24750000,9900000,6300000,2250000,1800000
20260830,일요일,서울,4,일반,1300,국5등급,핸디캡,R1~35,연령오픈,암,2,0052817,카우보이삭스,COWBOY SOCKS,한국,3,암,68,29,53.5,080616,마이아,070167,이신우,010352,김창식,24750000,9900000,6300000,2250000,1800000
20260830,일요일,서울,4,일반,1300,국5등급,핸디캡,R1~35,연령오픈,암,3,0046686,제라퀸,JERAQUEEN,한국,5,암,68,35,56.5,080611,푸르칸,070177,김동철,117054,하늬바람,24750000,9900000,6300000,2250000,1800000
20260830,일요일,서울,4,일반,1300,국5등급,핸디캡,R1~35,연령오픈,암,4,0050296,행복여전사,HAENGBOK YEOJEONSA,한국,5,암,68,23,52.5,080486,이혁,070306,홍윤화,104127,허도행,24750000,9900000,6300000,2250000,1800000
20260830,일요일,서울,4,일반,1300,국5등급,핸디캡,R1~35,연령오픈,암,5,0053723,무한아르고,MUHAN ARGO,미국,5,암,68,32,55,080603,김태희,070200,최용건,111006,우태율,24750000,9900000,6300000,2250000,1800000
20260830,일요일,서울,4,일반,1300,국5등급,핸디캡,R1~35,연령오픈,암,6,0046648,스페셜포스,SPECIAL FORCE,한국,5,암,68,23,52.5,080533,조상범,070198,임채덕,122030,이상진,24750000,9900000,6300000,2250000,1800000
20260830,일요일,서울,4,일반,1300,국5등급,핸디캡,R1~35,연령오픈,암,7,0051948,럭키데이,LUCKY DAY,한국,4,암,68,34,52,080622,조성환,070265,토니,065127,페가수스,24750000,9900000,6300000,2250000,1800000
20260830,일요일,서울,4,일반,1300,국5등급,핸디캡,R1~35,연령오픈,암,8,0053970,학산위너,HAKSAN WINNER,한국,3,암,68,29,53.5,080405,김용근,070290,문세영,119036,황봉기,24750000,9900000,6300000,2250000,1800000
20260830,일요일,서울,4,일반,1300,국5등급,핸디캡,R1~35,연령오픈,암,9,0051750,빛의순간,BITCHUI SUNGAN,한국,5,암,68,27,52.5,080578,김효정,070165,서인석,105194,홍상기,24750000,9900000,6300000,2250000,1800000
20260830,일요일,서울,4,일반,1300,국5등급,핸디캡,R1~35,연령오픈,암,10,0052978,대비마마,DAEBI MAMA,한국,3,암,68,29,53.5,080617,코지,070293,정하백,111006,우태율,24750000,9900000,6300000,2250000,1800000
20260830,일요일,서울,5,일반,1400,국5등급,핸디캡,R1~35,연령오픈,성별오픈,1,0052960,하남레이저,HANAM LASER,한국,3,암,68,25,51,080621,우인철,070170,김동균,110050,송한우,24750000,9900000,6300000,2250000,1800000
20260830,일요일,서울,5,일반,1400,국5등급,핸디캡,R1~35,연령오픈,성별오픈,2,0054222,베스트프리덤,BEST FREEDOM,한국,3,수,68,29,54,080616,마이아,070164,박재우,121005,박민지,24750000,9900000,6300000,2250000,1800000
20260830,일요일,서울,5,일반,1400,국5등급,핸디캡,R1~35,연령오픈,성별오픈,3,0050739,그랜드파크,GRAND PARK,한국,4,수,68,23,52.5,080487,임기원,070305,차우호,114026,(주)디알엠씨티,24750000,9900000,6300000,2250000,1800000
20260830,일요일,서울,5,일반,1400,국5등급,핸디캡,R1~35,연령오픈,성별오픈,4,0053215,러버맨,LOVERMAN,한국,3,수,68,35,57,080476,장추열,070181,이관호,124005,박민규,24750000,9900000,6300000,2250000,1800000
20260830,일요일,서울,5,일반,1400,국5등급,핸디캡,R1~35,연령오픈,성별오픈,5,1412351,불국시대,BULGUKSIDAE,한국,5,암,68,24,52.5,080582,빅투아르,070247,이동국,121053,퍼플라인,24750000,9900000,6300000,2250000,1800000
20260830,일요일,서울,5,일반,1400,국5등급,핸디캡,R1~35,연령오픈,성별오픈,6,0053690,스터닝스킷,STUNNING SKET,한국,3,거,68,25,52.5,080624,루이스,070170,김동균,118001,박정배,24750000,9900000,6300000,2250000,1800000
20260830,일요일,서울,5,일반,1400,국5등급,핸디캡,R1~35,연령오픈,성별오픈,7,0051153,베스트조이,BEST JOY,한국,4,거,68,33,56,080513,송재철,070175,강환민,111067,베스트샤인조합,24750000,9900000,6300000,2250000,1800000
20260830,일요일,서울,5,일반,1400,국5등급,핸디캡,R1~35,연령오픈,성별오픈,8,0052994,코스모찐,COSMO JJIN,한국,3,암,68,28,52.5,080512,김태훈,070165,서인석,121004,유수현,24750000,9900000,6300000,2250000,1800000
20260830,일요일,서울,5,일반,1400,국5등급,핸디캡,R1~35,연령오픈,성별오픈,9,0051331,알파피메일,ALPHA FEMALE,한국,4,암,68,27,52.5,080602,임다빈,070247,이동국,124017,(주)쎄쎄쎄,24750000,9900000,6300000,2250000,1800000
20260830,일요일,서울,5,일반,1400,국5등급,핸디캡,R1~35,연령오픈,성별오픈,10,0051538,캡틴라이즈,CAPTAIN RISE,한국,4,수,68,29,54,080533,조상범,070166,심승태,010801,박정재,24750000,9900000,6300000,2250000,1800000
20260830,일요일,서울,5,일반,1400,국5등급,핸디캡,R1~35,연령오픈,성별오픈,11,0053978,라비타,LAVITA,한국,3,암,68,29,52.5,080361,최범현,070264,박지헌,114027,죽마조합,24750000,9900000,6300000,2250000,1800000
20260830,일요일,서울,6,일반,1800,혼4등급,핸디캡,R0~50,연령오픈,성별오픈,1,0053486,파이브스타,FIVE STAR,한국,3,수,68,37,52,080487,임기원,070248,함완식,109014,변갑한,33000000,13200000,8400000,3000000,2400000
20260830,일요일,서울,6,일반,1800,혼4등급,핸디캡,R0~50,연령오픈,성별오픈,2,0047314,인피니트아너,INFINITE HONOR,한국,5,거,68,41,54,080486,이혁,070174,강성오,105057,김중길,33000000,13200000,8400000,3000000,2400000
20260830,일요일,서울,6,일반,1800,혼4등급,핸디캡,R0~50,연령오픈,성별오픈,3,0051315,벌교그래미,BEOLGYO GRAMMY,한국,4,암,68,43,53,080578,김효정,070306,홍윤화,123007,유성훈,33000000,13200000,8400000,3000000,2400000
20260830,일요일,서울,6,일반,1800,혼4등급,핸디캡,R0~50,연령오픈,성별오픈,4,0051689,청산질주,CHEONGSAN JILJU,한국,4,수,68,47,57,080476,장추열,070181,이관호,111007,황은호,33000000,13200000,8400000,3000000,2400000
20260830,일요일,서울,6,일반,1800,혼4등급,핸디캡,R0~50,연령오픈,성별오픈,5,0053540,더엑설런트,THE EXCELLENT,한국,3,수,68,44,55.5,080550,조재로,070165,서인석,106148,박준배,33000000,13200000,8400000,3000000,2400000
20260830,일요일,서울,6,일반,1800,혼4등급,핸디캡,R0~50,연령오픈,성별오픈,6,0050867,하늘감동,HANEUL GAMDONG,한국,4,거,68,36,52.5,080417,유승완,070170,김동균,104127,허도행,33000000,13200000,8400000,3000000,2400000
20260830,일요일,서울,6,일반,1800,혼4등급,핸디캡,R0~50,연령오픈,성별오픈,7,0052999,무적함대,MUJEOK HAMDAE,한국,3,수,68,45,56,080611,푸르칸,070167,이신우,124039,곽승종,33000000,13200000,8400000,3000000,2400000
20260830,일요일,서울,6,일반,1800,혼4등급,핸디캡,R0~50,연령오픈,성별오픈,8,0045289,퍼플신화,PURPLE SHINHWA,한국,6,거,68,41,54,080603,김태희,070117,박윤규,121053,퍼플라인,33000000,13200000,8400000,3000000,2400000
20260830,일요일,서울,6,일반,1800,혼4등급,핸디캡,R0~50,연령오픈,성별오픈,9,0060709,파사스파크,PASA SPARK,미국,3,암,68,50,56.5,080512,김태훈,070160,서홍수,123001,황현,33000000,13200000,8400000,3000000,2400000
20260830,일요일,서울,7,일반,1700,국4등급,핸디캡,R1~50,연령오픈,성별오픈,1,0055360,새내파이터,SAENAE FIGHTER,한국,3,수,68,49,57,080562,이동하,070290,문세영,117013,문금철,33000000,13200000,8400000,3000000,2400000
20260830,일요일,서울,7,일반,1700,국4등급,핸디캡,R1~50,연령오픈,성별오픈,2,0044526,원평코드,WONPYEONG COD,한국,7,거,68,46,51.5,080622,조성환,070163,박병일,106198,김용재,33000000,13200000,8400000,3000000,2400000
20260830,일요일,서울,7,일반,1700,국4등급,핸디캡,R1~50,연령오픈,성별오픈,3,0051936,미스터스톰,MR.STORM,한국,4,수,68,38,52.5,080473,김정준,070166,심승태,065133,이종욱,33000000,13200000,8400000,3000000,2400000
20260830,일요일,서울,7,일반,1700,국4등급,핸디캡,R1~50,연령오픈,성별오픈,4,0045700,강철전사,GANGCHEOL JEONSA,한국,6,수,68,36,51,080621,우인철,070170,김동균,104127,허도행,33000000,13200000,8400000,3000000,2400000
20260830,일요일,서울,7,일반,1700,국4등급,핸디캡,R1~50,연령오픈,성별오픈,5,0051259,금아포모스트,GEUMA FOREMOST,한국,4,거,68,41,53,080550,조재로,070181,이관호,117038,금아산업(주),33000000,13200000,8400000,3000000,2400000
20260830,일요일,서울,7,일반,1700,국4등급,핸디캡,R1~50,연령오픈,성별오픈,6,0051929,혁무상,HYEUKMUSANG,한국,4,수,68,48,56.5,080624,루이스,070248,함완식,114028,씨유네트워크,33000000,13200000,8400000,3000000,2400000
20260830,일요일,서울,7,일반,1700,국4등급,핸디캡,R1~50,연령오픈,성별오픈,7,0051794,아쿠아라인,AQUA LINE,한국,4,수,68,47,56,080616,마이아,070096,서범석,214706,미즈타니 마사테루,33000000,13200000,8400000,3000000,2400000
20260830,일요일,서울,7,일반,1700,국4등급,핸디캡,R1~50,연령오픈,성별오픈,8,0053348,플라잉아너,FLYING HONOR,한국,3,거,68,46,55.5,080582,빅투아르,070197,이준철,110028,김형순,33000000,13200000,8400000,3000000,2400000
20260830,일요일,서울,7,일반,1700,국4등급,핸디캡,R1~50,연령오픈,성별오픈,9,0051888,아모스천하,AMOS CHEONHA,한국,4,거,68,37,52.5,080100,김옥성,070200,최용건,124009,홍애란,33000000,13200000,8400000,3000000,2400000
20260830,일요일,서울,7,일반,1700,국4등급,핸디캡,R1~50,연령오픈,성별오픈,10,0053365,제이디강자,JD GANGJA,한국,3,수,68,48,56.5,080602,임다빈,070198,임채덕,117022,이월희,33000000,13200000,8400000,3000000,2400000
20260830,일요일,서울,7,일반,1700,국4등급,핸디캡,R1~50,연령오픈,성별오픈,11,0046885,블러드마운틴,BLOOD MOUNTAIN,한국,5,수,68,45,55,080417,유승완,070300,백종수,122030,이상진,33000000,13200000,8400000,3000000,2400000
20260830,일요일,서울,8,일반,1800,혼4등급,핸디캡,R0~50,연령오픈,성별오픈,1,0053436,관악산스카이,GWANAKSAN SKY,한국,3,수,68,46,56.5,080582,빅투아르,070197,이준철,123009,손병석,33000000,13200000,8400000,3000000,2400000
20260830,일요일,서울,8,일반,1800,혼4등급,핸디캡,R0~50,연령오픈,성별오픈,2,0047099,고스트크리솔,GHOST CHRYSOL,한국,5,거,68,46,56.5,080476,장추열,070146,안병기,123024,한대영,33000000,13200000,8400000,3000000,2400000
20260830,일요일,서울,8,일반,1800,혼4등급,핸디캡,R0~50,연령오픈,성별오픈,3,0051305,태기산킹,TAEGISAN KING,한국,4,수,68,47,57,080602,임다빈,070096,서범석,105180,최성룡,33000000,13200000,8400000,3000000,2400000
20260830,일요일,서울,8,일반,1800,혼4등급,핸디캡,R0~50,연령오픈,성별오픈,4,0043840,남산무적,NAMSAN MUJEOK,한국,7,수,68,42,54.5,080562,이동하,070174,강성오,010516,이기선,33000000,13200000,8400000,3000000,2400000
20260830,일요일,서울,8,일반,1800,혼4등급,핸디캡,R0~50,연령오픈,성별오픈,5,0056591,샤이닝로드,SHINING ROAD,미국,4,거,68,47,57,080361,최범현,070289,성상현,123030,이윤석,33000000,13200000,8400000,3000000,2400000
20260830,일요일,서울,8,일반,1800,혼4등급,핸디캡,R0~50,연령오픈,성별오픈,6,0055428,글로벌파로아,GLOBAL PHAROAH,호주,4,거,68,36,52.5,080486,이혁,070148,정호익,010611,장재형,33000000,13200000,8400000,3000000,2400000
20260830,일요일,서울,8,일반,1800,혼4등급,핸디캡,R0~50,연령오픈,성별오픈,7,0052957,브리도칼리,BREEDO CALEY,한국,3,수,68,41,54,080405,김용근,070293,정하백,122019,조수영,33000000,13200000,8400000,3000000,2400000
20260830,일요일,서울,8,일반,1800,혼4등급,핸디캡,R0~50,연령오픈,성별오픈,8,0047548,하이폴리,HIGH FOLLY,한국,5,수,68,43,55,080578,김효정,070225,문병기,118003,김은갑,33000000,13200000,8400000,3000000,2400000
20260830,일요일,서울,8,일반,1800,혼4등급,핸디캡,R0~50,연령오픈,성별오픈,9,0060799,진격의돌핀,JINGYEOGUI DOLPHIN,호주,3,암,68,37,52.5,080533,조상범,070161,신삼영,114004,서창식,33000000,13200000,8400000,3000000,2400000
20260830,일요일,서울,8,일반,1800,혼4등급,핸디캡,R0~50,연령오픈,성별오픈,10,0056399,핵다이아,HAEK DIA,미국,4,암,68,36,52.5,080611,푸르칸,070167,이신우,121015,김아라,33000000,13200000,8400000,3000000,2400000
20260830,일요일,서울,9,일반,1400,1등급,핸디캡,R1~140,연령오픈,성별오픈,1,0046935,블랙벨트,BLACK BELT,한국,5,수,68,95,53,080530,정정희,070244,리카디,121047,이강운,60500000,24200000,15400000,5500000,4400000
20260830,일요일,서울,9,일반,1400,1등급,핸디캡,R1~140,연령오픈,성별오픈,2,1412322,만대로,MANDAERO,한국,5,수,68,83,52.5,080602,임다빈,070096,서범석,105180,최성룡,60500000,24200000,15400000,5500000,4400000
20260830,일요일,서울,9,일반,1400,1등급,핸디캡,R1~140,연령오픈,성별오픈,3,0050265,벌교베리타스,BEOLGYO VERITAS,한국,5,수,68,81,52.5,080624,루이스,070264,박지헌,123007,유성훈,60500000,24200000,15400000,5500000,4400000
20260830,일요일,서울,9,일반,1400,1등급,핸디캡,R1~140,연령오픈,성별오픈,4,0052661,아이엠짱,I'M JJANG,미국,5,수,68,96,53.5,080582,빅투아르,070160,서홍수,122031,조제형,60500000,24200000,15400000,5500000,4400000
20260830,일요일,서울,9,일반,1400,1등급,핸디캡,R1~140,연령오픈,성별오픈,5,1412299,지구라트,ZIGGURAT,한국,5,거,68,96,53.5,080550,조재로,070181,이관호,065122,김정철,60500000,24200000,15400000,5500000,4400000
20260830,일요일,서울,9,일반,1400,1등급,핸디캡,R1~140,연령오픈,성별오픈,6,0045783,슈퍼피니시,SUPER FINISH,한국,6,수,68,102,56.5,080616,마이아,070170,김동균,117017,강현철,60500000,24200000,15400000,5500000,4400000
20260830,일요일,서울,9,일반,1400,1등급,핸디캡,R1~140,연령오픈,성별오픈,7,0046388,섬싱로스트,SOMETHING LOST,한국,6,수,68,91,52.5,080486,이혁,070290,문세영,105188,정춘복,60500000,24200000,15400000,5500000,4400000
20260830,일요일,서울,9,일반,1400,1등급,핸디캡,R1~140,연령오픈,성별오픈,8,0053724,어서말을해,EOSEOMAREULHAE,미국,5,수,68,83,52.5,080617,코지,070200,최용건,111006,우태율,60500000,24200000,15400000,5500000,4400000
20260830,일요일,서울,9,일반,1400,1등급,핸디캡,R1~140,연령오픈,성별오픈,9,1412290,거센반격,GEOSEN BANGYEOK,한국,5,거,68,81,51,080621,우인철,070181,이관호,105211,강석대,60500000,24200000,15400000,5500000,4400000
20260830,일요일,서울,9,일반,1400,1등급,핸디캡,R1~140,연령오픈,성별오픈,10,0042821,대한질주,DAEHAN JILJU,한국,8,수,68,90,52.5,080487,임기원,070177,김동철,104040,박재범,60500000,24200000,15400000,5500000,4400000
20260830,일요일,서울,9,일반,1400,1등급,핸디캡,R1~140,연령오픈,성별오픈,11,0044092,빅스고,VICS GO,한국,7,수,68,107,59,080562,이동하,070304,이강서,010559,이선호,60500000,24200000,15400000,5500000,4400000
20260830,일요일,서울,10,일반,1200,혼3등급,핸디캡,R1~65,연령오픈,성별오픈,1,0054119,불타는심장,BULTANEUN SIMJANG,미국,5,거,68,51,52.5,080562,이동하,070179,송문길,113020,윤우환,41250000,16500000,10500000,3750000,3000000
20260830,일요일,서울,10,일반,1200,혼3등급,핸디캡,R1~65,연령오픈,성별오픈,2,0054782,거센빅맨,GEOSEN BIGMAN,미국,4,수,68,43,51,080621,우인철,070181,이관호,105211,강석대,41250000,16500000,10500000,3750000,3000000
20260830,일요일,서울,10,일반,1200,혼3등급,핸디캡,R1~65,연령오픈,성별오픈,3,0046888,파이널고,FINAL GO,한국,5,거,68,42,51,080361,최범현,070170,김동균,124010,럭키,41250000,16500000,10500000,3750000,3000000
20260830,일요일,서울,10,일반,1200,혼3등급,핸디캡,R1~65,연령오픈,성별오픈,4,0059224,무빙볼케이노,MOVING VOLCANO,미국,3,수,68,58,55.5,080405,김용근,070290,문세영,105222,권경자,41250000,16500000,10500000,3750000,3000000
20260830,일요일,서울,10,일반,1200,혼3등급,핸디캡,R1~65,연령오픈,성별오픈,5,0057339,히어로치타,HERO CHEETAH,미국,3,거,68,62,57.5,080617,코지,070265,토니,216306,임재형,41250000,16500000,10500000,3750000,3000000
20260830,일요일,서울,10,일반,1200,혼3등급,핸디캡,R1~65,연령오픈,성별오픈,6,0056409,위즈리얼리티,WHIZ REALITY,미국,4,거,68,51,52.5,080486,이혁,070182,전승규,111028,최몽주,41250000,16500000,10500000,3750000,3000000
20260830,일요일,서울,10,일반,1200,혼3등급,핸디캡,R1~65,연령오픈,성별오픈,7,0054793,드림아너,DREAM HONOUR,미국,4,수,68,60,56.5,080530,정정희,070163,박병일,126014,배태후,41250000,16500000,10500000,3750000,3000000
20260830,일요일,서울,10,일반,1200,혼3등급,핸디캡,R1~65,연령오픈,성별오픈,8,0052514,봉화스테이,BONGHWA STAY,미국,5,거,68,60,56.5,080513,송재철,070182,전승규,121014,럭키팜,41250000,16500000,10500000,3750000,3000000
20260830,일요일,서울,10,일반,1200,혼3등급,핸디캡,R1~65,연령오픈,성별오픈,9,0055430,프리더원,FREE THE ONE,호주,4,수,68,57,55,080578,김효정,070225,문병기,111022,김호진,41250000,16500000,10500000,3750000,3000000
20260830,일요일,서울,10,일반,1200,혼3등급,핸디캡,R1~65,연령오픈,성별오픈,10,0054786,히어로삭스,HERO SOCKS,미국,4,거,68,62,57.5,080417,유승완,070181,이관호,010352,김창식,41250000,16500000,10500000,3750000,3000000
