rcDate,rcDay,meet,rcNo,발주시각,rcDist,rank,rcName,budam,prizeCond,ageCond,sexCond,dusu,chulNo,hrNo,hrName,prd,age,sex,ilsu,rating,wgBudam,jkNo,jkName,trNo,trName,owName,chaksun1
20260828,금요일,부산경남,1,12:50,1000,국6등급,일반,별정A,R0~0,2세,암,8,1,0057333,퍼플퀸,한국,2,암,65,-,52.5,080605,서강주,070086,권승주,퍼플라인,24750000
20260828,금요일,부산경남,1,12:50,1000,국6등급,일반,별정A,R0~0,2세,암,8,2,0055212,미스팰컨,한국,2,암,65,0,52.5,080566,최은경,070173,구민성,럭키,24750000
20260828,금요일,부산경남,1,12:50,1000,국6등급,일반,별정A,R0~0,2세,암,8,3,0055899,그레이윈드,한국,2,암,65,0,52.5,080568,다실바,070176,구영준,하늬바람,24750000
20260828,금요일,부산경남,1,12:50,1000,국6등급,일반,별정A,R0~0,2세,암,8,4,0055986,천년여제,한국,2,암,65,-,52.5,080580,전진구,070291,유현명,송승규,24750000
20260828,금요일,부산경남,1,12:50,1000,국6등급,일반,별정A,R0~0,2세,암,8,5,0055923,레이스나인,한국,2,암,65,0,52.5,080484,서승운,070186,라이스,조영철,24750000
20260828,금요일,부산경남,1,12:50,1000,국6등급,일반,별정A,R0~0,2세,암,8,6,0055874,비트원,한국,2,암,65,-,52.5,080421,송경윤,070223,강은석,양진영,24750000
20260828,금요일,부산경남,1,12:50,1000,국6등급,일반,별정A,R0~0,2세,암,8,7,0056800,에어나이스,한국,2,암,65,-,52.5,080122,신형철,070137,조용배,김근영,24750000
20260828,금요일,부산경남,1,12:50,1000,국6등급,일반,별정A,R0~0,2세,암,8,8,0055283,오아시스셀럽,한국,2,암,65,-,52.5,080565,정도윤,070130,백광열,이종훈,24750000
20260828,금요일,부산경남,2,13:40,1600,국6등급,일반,별정A,R0~0,연령오픈,성별오픈,11,1,0053787,신흥강타자,한국,3,거,65,0,56,080122,신형철,070137,조용배,차청일,16500000
20260828,금요일,부산경남,2,13:40,1600,국6등급,일반,별정A,R0~0,연령오픈,성별오픈,11,2,0056976,영광의크라운,한국,2,암,65,0,52.5,080546,박재이,070223,강은석,변창덕,16500000
20260828,금요일,부산경남,2,13:40,1600,국6등급,일반,별정A,R0~0,연령오픈,성별오픈,11,3,0053805,원플러스원,한국,3,거,65,0,56,080421,송경윤,070263,양영남,박웅진,16500000
20260828,금요일,부산경남,2,13:40,1600,국6등급,일반,별정A,R0~0,연령오픈,성별오픈,11,4,0056196,용비천마,한국,2,수,65,0,54.5,080484,서승운,070250,김도현,정성진,16500000
20260828,금요일,부산경남,2,13:40,1600,국6등급,일반,별정A,R0~0,연령오픈,성별오픈,11,5,0053628,지롤시대,한국,3,암,65,0,54,080483,유광희,070136,민장기,장철환,16500000
20260828,금요일,부산경남,2,13:40,1600,국6등급,일반,별정A,R0~0,연령오픈,성별오픈,11,6,0053916,타이거어퍼컷,한국,3,거,65,0,56,080565,정도윤,070291,유현명,김형란,16500000
20260828,금요일,부산경남,2,13:40,1600,국6등급,일반,별정A,R0~0,연령오픈,성별오픈,11,7,0052136,위스트롱,한국,4,암,65,0,54,080580,전진구,070137,조용배,퍼플라인,16500000
20260828,금요일,부산경남,2,13:40,1600,국6등급,일반,별정A,R0~0,연령오픈,성별오픈,11,8,0053371,포에버로드,한국(포),3,암,65,0,52,080610,(-2)이홍락,070134,강형곤,하나레저,16500000
20260828,금요일,부산경남,2,13:40,1600,국6등급,일반,별정A,R0~0,연령오픈,성별오픈,11,9,0056540,닥터에이트,한국,2,수,65,0,54.5,080562,이동하,070130,백광열,권혁희,16500000
20260828,금요일,부산경남,2,13:40,1600,국6등급,일반,별정A,R0~0,연령오픈,성별오픈,11,10,0054004,레드킹,한국,3,수,65,0,53,080620,(-3)손경민,070086,권승주,정우종합건설(주),16500000
20260828,금요일,부산경남,2,13:40,1600,국6등급,일반,별정A,R0~0,연령오픈,성별오픈,11,11,0053938,챔프의향기,한국,3,암,65,0,54,080566,최은경,070128,임금만,류주영,16500000
20260828,금요일,부산경남,3,14:30,1400,국5등급,일반,핸디캡,R1~35,연령오픈,성별오픈,11,1,0053485,베스트타이거,한국,3,거,65,30,51.5,080620,(-3)손경민,070249,문현철,(주)메타플렉스,24750000
20260828,금요일,부산경남,3,14:30,1400,국5등급,일반,핸디캡,R1~35,연령오픈,성별오픈,11,2,0053154,보령의신용,한국,3,암,65,35,55,080565,정도윤,070291,유현명,최원길,24750000
20260828,금요일,부산경남,3,14:30,1400,국5등급,일반,핸디캡,R1~35,연령오픈,성별오픈,11,3,0052899,플렉스칸,한국,3,수,65,28,53.5,080566,최은경,070136,민장기,송문관,24750000
20260828,금요일,부산경남,3,14:30,1400,국5등급,일반,핸디캡,R1~35,연령오픈,성별오픈,11,4,0053841,닥터에이스,한국,3,수,65,25,52.5,080605,서강주,070130,백광열,권혁희,24750000
20260828,금요일,부산경남,3,14:30,1400,국5등급,일반,핸디캡,R1~35,연령오픈,성별오픈,11,5,0051666,남해매직,한국,4,수,65,29,54,080551,진겸,070128,임금만,김갑수,24750000
20260828,금요일,부산경남,3,14:30,1400,국5등급,일반,핸디캡,R1~35,연령오픈,성별오픈,11,6,0047545,앨리스마린,한국,5,암,65,31,53,080421,송경윤,070263,양영남,이경희,24750000
20260828,금요일,부산경남,3,14:30,1400,국5등급,일반,핸디캡,R1~35,연령오픈,성별오픈,11,7,0054866,월드트리,한국,3,거,65,30,54.5,080562,이동하,070302,손병철,김지열,24750000
20260828,금요일,부산경남,3,14:30,1400,국5등급,일반,핸디캡,R1~35,연령오픈,성별오픈,11,8,0046391,하늘불패,한국,6,수,65,35,57,080532,채상현,070226,박재호,허도행,24750000
20260828,금요일,부산경남,3,14:30,1400,국5등급,일반,핸디캡,R1~35,연령오픈,성별오픈,11,9,0045997,투투플라잉,한국(포),6,암,65,31,53,080122,신형철,070137,조용배,차청일,24750000
20260828,금요일,부산경남,3,14:30,1400,국5등급,일반,핸디캡,R1~35,연령오픈,성별오픈,11,10,0050744,달빛위에,한국,4,거,65,26,52.5,080568,다실바,070194,토마스,페가수스,24750000
20260828,금요일,부산경남,3,14:30,1400,국5등급,일반,핸디캡,R1~35,연령오픈,성별오픈,11,11,0051626,퀸더골드,한국,4,암,65,24,52.5,080431,이성재,070086,권승주,조창환,24750000
20260828,금요일,부산경남,4,15:20,1300,국5등급,일반,핸디캡,R1~35,연령오픈,성별오픈,11,1,0053814,가온보스,미국,5,거,65,30,54.5,080568,다실바,070136,민장기,강호남,24750000
20260828,금요일,부산경남,4,15:20,1300,국5등급,일반,핸디캡,R1~35,연령오픈,성별오픈,11,2,0053973,태평플렉스,한국,3,암,65,25,52.5,080606,신윤섭,070143,하무선,에스지이건설,24750000
20260828,금요일,부산경남,4,15:20,1300,국5등급,일반,핸디캡,R1~35,연령오픈,성별오픈,11,3,0054672,무쌍의반석,미국,4,거,65,34,56.5,080580,전진구,070263,양영남,임병효,24750000
20260828,금요일,부산경남,4,15:20,1300,국5등급,일반,핸디캡,R1~35,연령오픈,성별오픈,11,4,1411561,피노파워,한국,5,거,65,25,52.5,080431,이성재,070086,권승주,강봉한,24750000
20260828,금요일,부산경남,4,15:20,1300,국5등급,일반,핸디캡,R1~35,연령오픈,성별오픈,11,5,0052902,최강해피,한국,3,수,65,26,52.5,080438,조인권,070134,강형곤,전종섭,24750000
20260828,금요일,부산경남,4,15:20,1300,국5등급,일반,핸디캡,R1~35,연령오픈,성별오픈,11,6,0051028,하늘폭풍,한국,4,거,65,35,57,080516,다나카,070250,김도현,허도행,24750000
20260828,금요일,부산경남,4,15:20,1300,국5등급,일반,핸디캡,R1~35,연령오픈,성별오픈,11,7,0051682,배다리보석,한국,4,암,65,23,52.5,080122,신형철,070137,조용배,송한우,24750000
20260828,금요일,부산경남,4,15:20,1300,국5등급,일반,핸디캡,R1~35,연령오픈,성별오픈,11,8,0052068,성실시대,한국,4,암,65,24,51,080612,(-1)김성현,070142,방동석,이동훈,24750000
20260828,금요일,부산경남,4,15:20,1300,국5등급,일반,핸디캡,R1~35,연령오픈,성별오픈,11,9,0047173,뉴리더,한국,5,암,65,24,52.5,080423,최시대,070246,손병직,임석수,24750000
20260828,금요일,부산경남,4,15:20,1300,국5등급,일반,핸디캡,R1~35,연령오픈,성별오픈,11,10,0054760,빅토리스토리,한국,4,거,65,24,52.5,080532,채상현,070301,구현완,혼디,24750000
20260828,금요일,부산경남,4,15:20,1300,국5등급,일반,핸디캡,R1~35,연령오픈,성별오픈,11,11,0053868,빅스타,한국,3,암,65,29,52.5,080605,서강주,070086,권승주,이성영,24750000
20260828,금요일,부산경남,5,16:15,1300,국5등급,일반,핸디캡,R1~35,연령오픈,성별오픈,11,1,0046763,하늘평정,한국,5,암,65,23,52.5,080403,김어수,070226,박재호,허도행,24750000
20260828,금요일,부산경남,5,16:15,1300,국5등급,일반,핸디캡,R1~35,연령오픈,성별오픈,11,2,0053210,모어퀴클리,한국,3,암,65,25,52.5,080546,박재이,070246,손병직,양일추,24750000
20260828,금요일,부산경남,5,16:15,1300,국5등급,일반,핸디캡,R1~35,연령오픈,성별오픈,11,3,0053772,용비스카이,한국,3,거,65,29,53,080612,(-1)김성현,070250,김도현,정성진,24750000
20260828,금요일,부산경남,5,16:15,1300,국5등급,일반,핸디캡,R1~35,연령오픈,성별오픈,11,4,0045836,태양으뜸,한국,6,암,65,30,52.5,080606,신윤섭,070137,조용배,이동훈,24750000
20260828,금요일,부산경남,5,16:15,1300,국5등급,일반,핸디캡,R1~35,연령오픈,성별오픈,11,5,0060841,치프블레임,미국,3,거,65,34,56.5,080122,신형철,070143,하무선,에스지이건설,24750000
20260828,금요일,부산경남,5,16:15,1300,국5등급,일반,핸디캡,R1~35,연령오픈,성별오픈,11,6,0046930,위라이크머니,한국,5,암,65,23,52.5,080580,전진구,070137,조용배,유상호,24750000
20260828,금요일,부산경남,5,16:15,1300,국5등급,일반,핸디캡,R1~35,연령오픈,성별오픈,11,7,0050929,승리예약,한국,4,암,65,26,51,080610,(-2)이홍락,070134,강형곤,권주순,24750000
20260828,금요일,부산경남,5,16:15,1300,국5등급,일반,핸디캡,R1~35,연령오픈,성별오픈,11,8,0051035,팀서프라이즈,한국,4,암,65,24,52.5,080423,최시대,070086,권승주,박동준,24750000
20260828,금요일,부산경남,5,16:15,1300,국5등급,일반,핸디캡,R1~35,연령오픈,성별오픈,11,9,0051702,아리온의빛,한국,4,거,65,34,56.5,080532,채상현,070143,하무선,권진환,24750000
20260828,금요일,부산경남,5,16:15,1300,국5등급,일반,핸디캡,R1~35,연령오픈,성별오픈,11,10,0051550,홀리데이퀸,한국,4,암,65,34,54.5,080516,다나카,070250,김도현,이종석,24750000
20260828,금요일,부산경남,5,16:15,1300,국5등급,일반,핸디캡,R1~35,연령오픈,성별오픈,11,11,0052791,캐럿킹,한국,3,수,65,27,53,080605,서강주,070086,권승주,손병철,24750000
20260828,금요일,부산경남,6,17:10,1200,국4등급,일반,핸디캡,R1~50,연령오픈,성별오픈,11,1,0053009,대로의빛,한국,3,암,65,42,52.5,080431,이성재,070086,권승주,이경헌,33000000
20260828,금요일,부산경남,6,17:10,1200,국4등급,일반,핸디캡,R1~50,연령오픈,성별오픈,11,2,0053007,올더베스트,한국(포),3,암,65,45,54,080562,이동하,070130,백광열,박웅진,33000000
20260828,금요일,부산경남,6,17:10,1200,국4등급,일반,핸디캡,R1~50,연령오픈,성별오픈,11,3,1412327,진주빛,한국,5,암,65,40,52.5,080421,송경윤,070129,최기홍,이경헌,33000000
20260828,금요일,부산경남,6,17:10,1200,국4등급,일반,핸디캡,R1~50,연령오픈,성별오픈,11,4,0051088,탐라퍼스트,한국,4,수,65,38,52.5,080565,정도윤,070249,문현철,김영순,33000000
20260828,금요일,부산경남,6,17:10,1200,국4등급,일반,핸디캡,R1~50,연령오픈,성별오픈,11,5,0053766,러너스하이,한국,3,수,65,45,56,080438,조인권,070142,방동석,박의주,33000000
20260828,금요일,부산경남,6,17:10,1200,국4등급,일반,핸디캡,R1~50,연령오픈,성별오픈,11,6,0047187,상하이선더,한국,5,수,65,44,55.5,080568,다실바,070136,민장기,김욱수,33000000
20260828,금요일,부산경남,6,17:10,1200,국4등급,일반,핸디캡,R1~50,연령오픈,성별오픈,11,7,0053701,레전드히트,한국,3,수,65,48,57.5,080566,최은경,070142,방동석,김준현,33000000
20260828,금요일,부산경남,6,17:10,1200,국4등급,일반,핸디캡,R1~50,연령오픈,성별오픈,11,8,0053861,비케이스피릿,한국,3,암,65,39,52.5,080551,진겸,070134,강형곤,함승원,33000000
20260828,금요일,부산경남,6,17:10,1200,국4등급,일반,핸디캡,R1~50,연령오픈,성별오픈,11,9,0051722,퀸스파이시,한국,4,암,65,45,54,080546,박재이,070223,강은석,고재완,33000000
20260828,금요일,부산경남,6,17:10,1200,국4등급,일반,핸디캡,R1~50,연령오픈,성별오픈,11,10,0051975,오아시스위키,한국,4,거,65,44,55.5,080423,최시대,070130,백광열,이장현,33000000
20260828,금요일,부산경남,6,17:10,1200,국4등급,일반,핸디캡,R1~50,연령오픈,성별오픈,11,11,0044888,밀크데이,한국,7,수,65,36,52.5,080122,신형철,070137,조용배,김근영,33000000
20260828,금요일,부산경남,7,18:30,1800,혼4등급,일반,핸디캡,R0~50,연령오픈,성별오픈,11,1,0054679,프라임록,미국,4,거,65,36,52.5,080403,김어수,070223,강은석,곽종수,33000000
20260828,금요일,부산경남,7,18:30,1800,혼4등급,일반,핸디캡,R0~50,연령오픈,성별오픈,11,2,0054798,장고맨,한국,3,수,65,45,55.5,080421,송경윤,070136,민장기,이경희,33000000
20260828,금요일,부산경남,7,18:30,1800,혼4등급,일반,핸디캡,R0~50,연령오픈,성별오픈,11,3,0046458,스타파크,한국,6,거,65,37,52.5,080122,신형철,070137,조용배,김무현,33000000
20260828,금요일,부산경남,7,18:30,1800,혼4등급,일반,핸디캡,R0~50,연령오픈,성별오픈,11,4,0054188,헤이브로,한국,3,수,65,37,52.5,080566,최은경,070194,토마스,박병현,33000000
20260828,금요일,부산경남,7,18:30,1800,혼4등급,일반,핸디캡,R0~50,연령오픈,성별오픈,11,5,0053056,운주매직,한국,3,수,65,38,52.5,080423,최시대,070086,권승주,부수선,33000000
20260828,금요일,부산경남,7,18:30,1800,혼4등급,일반,핸디캡,R0~50,연령오픈,성별오픈,11,6,0051228,올라운드원,한국,4,거,65,41,53.5,080516,다나카,070180,안우성,김혜진,33000000
20260828,금요일,부산경남,7,18:30,1800,혼4등급,일반,핸디캡,R0~50,연령오픈,성별오픈,11,7,0058203,토함산소닉,일본,3,수,65,42,54,080562,이동하,070130,백광열,박웅진,33000000
20260828,금요일,부산경남,7,18:30,1800,혼4등급,일반,핸디캡,R0~50,연령오픈,성별오픈,11,8,0051840,바벨모모,한국,4,수,65,48,54,080620,(-3)손경민,070250,김도현,김명환,33000000
20260828,금요일,부산경남,7,18:30,1800,혼4등급,일반,핸디캡,R0~50,연령오픈,성별오픈,11,9,0053623,매직미러,한국,3,거,65,48,57,080565,정도윤,070128,임금만,신윤경,33000000
20260828,금요일,부산경남,7,18:30,1800,혼4등급,일반,핸디캡,R0~50,연령오픈,성별오픈,11,10,0053190,스카일러지유,한국(포),3,수,65,43,54.5,080484,서승운,070249,문현철,류민수,33000000
20260828,금요일,부산경남,7,18:30,1800,혼4등급,일반,핸디캡,R0~50,연령오픈,성별오픈,11,11,0046079,무등산,미국,7,거,65,42,54,080605,서강주,070223,강은석,희망홀스,33000000
20260828,금요일,부산경남,8,19:25,1400,국3등급,일반,핸디캡,R1~65,연령오픈,암,9,1,0045399,아무르,한국,6,암,65,53,52.5,080421,송경윤,070301,구현완,박광순,41250000
20260828,금요일,부산경남,8,19:25,1400,국3등급,일반,핸디캡,R1~65,연령오픈,암,9,2,0053366,모멘텀,한국,3,암,65,58,55,080484,서승운,070143,하무선,투애니포,41250000
20260828,금요일,부산경남,8,19:25,1400,국3등급,일반,핸디캡,R1~65,연령오픈,암,9,3,0050699,유니언챔프,한국,4,암,65,54,53,080565,정도윤,070249,문현철,류주영,41250000
20260828,금요일,부산경남,8,19:25,1400,국3등급,일반,핸디캡,R1~65,연령오픈,암,9,4,0046218,대호나라,한국,6,암,65,56,54,080546,박재이,070223,강은석,고재완,41250000
20260828,금요일,부산경남,8,19:25,1400,국3등급,일반,핸디캡,R1~65,연령오픈,암,9,5,0047478,금아프리시드,한국,5,암,65,51,52.5,080551,진겸,070141,이상영,금아산업(주),41250000
20260828,금요일,부산경남,8,19:25,1400,국3등급,일반,핸디캡,R1~65,연령오픈,암,9,6,0051928,월드블루핀캣,한국,4,암,65,48,52.5,080438,조인권,070142,방동석,윤지중,41250000
20260828,금요일,부산경남,8,19:25,1400,국3등급,일반,핸디캡,R1~65,연령오픈,암,9,7,0051989,퀸티케,한국,4,암,65,62,57,080431,이성재,070086,권승주,손병철,41250000
20260828,금요일,부산경남,8,19:25,1400,국3등급,일반,핸디캡,R1~65,연령오픈,암,9,8,0053534,클리어리위너,한국,3,암,65,56,54,080568,다실바,070176,구영준,신우철,41250000
20260828,금요일,부산경남,8,19:25,1400,국3등급,일반,핸디캡,R1~65,연령오픈,암,9,9,0046933,컬럼비아챔프,한국,5,암,65,51,51,080620,(-3)손경민,070086,권승주,백용덕,41250000
20260828,금요일,제주,1,13:15,900,제6등급,일반,별정A,700만원 미만,4세이하,성별오픈,10,1,3107913,영웅대정,제,3,거,67,0,55,003084,김한남,002038,김길홍,차동헌,7000000
20260828,금요일,제주,1,13:15,900,제6등급,일반,별정A,700만원 미만,4세이하,성별오픈,10,2,3107314,서유기,제,3,수,67,0,55,003044,정명일,002023,한상배,강재필,7000000
20260828,금요일,제주,1,13:15,900,제6등급,일반,별정A,700만원 미만,4세이하,성별오픈,10,3,3104324,수리수리,제,4,암,67,0,55,003073,김다영,002039,문성호,김민규,7000000
20260828,금요일,제주,1,13:15,900,제6등급,일반,별정A,700만원 미만,4세이하,성별오픈,10,4,3108168,청운질주,제,3,암,67,0,55,003082,김홍권,002033,강영진,강학민,7000000
20260828,금요일,제주,1,13:15,900,제6등급,일반,별정A,700만원 미만,4세이하,성별오픈,10,5,3107903,만광,제,3,수,67,0,55,003077,강수한,002038,김길홍,조창규,7000000
20260828,금요일,제주,1,13:15,900,제6등급,일반,별정A,700만원 미만,4세이하,성별오픈,10,6,3109223,명품대로,제,2,수,67,0,55,003081,김준호,002036,강태종,강기정,7000000
20260828,금요일,제주,1,13:15,900,제6등급,일반,별정A,700만원 미만,4세이하,성별오픈,10,7,3108666,만리질주,제,2,암,67,0,55,003058,한영민,002032,김태준,김기준,7000000
20260828,금요일,제주,1,13:15,900,제6등급,일반,별정A,700만원 미만,4세이하,성별오픈,10,8,3107584,대운,제,3,암,67,0,55,003087,임재광,002021,윤덕상,현태송,7000000
20260828,금요일,제주,1,13:15,900,제6등급,일반,별정A,700만원 미만,4세이하,성별오픈,10,9,3107828,직진기,제,3,암,67,0,55,003094,곽석,002042,김대연,홍규식,7000000
20260828,금요일,제주,1,13:15,900,제6등급,일반,별정A,700만원 미만,4세이하,성별오픈,10,10,3107905,색달신화,제,3,암,67,0,55,003075,원유일,002041,윤호상,강승호,7000000
20260828,금요일,제주,2,14:05,900,제6등급,일반,별정A,700만원 미만,4세이하,성별오픈,10,1,3107491,백두명성,제,3,거,67,0,55,003086,이동준,002039,문성호,강영수,7000000
20260828,금요일,제주,2,14:05,900,제6등급,일반,별정A,700만원 미만,4세이하,성별오픈,10,2,3107888,빈체로,제,3,거,67,0,55,003089,박성광,002034,이태용,안평림,7000000
20260828,금요일,제주,2,14:05,900,제6등급,일반,별정A,700만원 미만,4세이하,성별오픈,10,3,3107373,적통자,제,3,거,67,0,55,003084,김한남,002041,윤호상,강춘시,7000000
20260828,금요일,제주,2,14:05,900,제6등급,일반,별정A,700만원 미만,4세이하,성별오픈,10,4,3107462,비상특급,제,3,암,67,0,55,003092,이성민,002026,고영덕,백마,7000000
20260828,금요일,제주,2,14:05,900,제6등급,일반,별정A,700만원 미만,4세이하,성별오픈,10,5,3107316,에스프리,제,3,거,67,0,55,003070,전현준,002029,이준호,양우선,7000000
20260828,금요일,제주,2,14:05,900,제6등급,일반,별정A,700만원 미만,4세이하,성별오픈,10,6,3105496,괜찮아,제,4,거,67,0,55,003077,강수한,002036,강태종,김경민,7000000
20260828,금요일,제주,2,14:05,900,제6등급,일반,별정A,700만원 미만,4세이하,성별오픈,10,7,3109182,청호질주,제,2,수,67,0,55,003087,임재광,002023,한상배,이정언,7000000
20260828,금요일,제주,2,14:05,900,제6등급,일반,별정A,700만원 미만,4세이하,성별오픈,10,8,3107456,출정식,제,3,암,67,0,55,003055,장우성,002021,윤덕상,강춘시,7000000
20260828,금요일,제주,2,14:05,900,제6등급,일반,별정A,700만원 미만,4세이하,성별오픈,10,9,3107909,금빛신화,제,3,거,67,0,55,003075,원유일,002033,강영진,신영미,7000000
20260828,금요일,제주,2,14:05,900,제6등급,일반,별정A,700만원 미만,4세이하,성별오픈,10,10,3108885,일위도강,제,4,거,67,0,55,003073,김다영,002039,문성호,김민규,7000000
20260828,금요일,제주,3,14:55,1000,제5등급,일반,핸디캡,R1~20,2세이상,성별오픈,10,1,3105317,신통방통,제,4,거,67,2,53.5,003075,원유일,002032,김태준,김한진,10500000
20260828,금요일,제주,3,14:55,1000,제5등급,일반,핸디캡,R1~20,2세이상,성별오픈,10,2,3104741,무주영웅,제,4,암,67,6,55.5,003080,문현진,002026,고영덕,윤재곤,10500000
20260828,금요일,제주,3,14:55,1000,제5등급,일반,핸디캡,R1~20,2세이상,성별오픈,10,3,3104592,우아우아,제,4,암,67,4,54.5,003058,한영민,002030,최기호,김형훈,10500000
20260828,금요일,제주,3,14:55,1000,제5등급,일반,핸디캡,R1~20,2세이상,성별오픈,10,4,3107353,청룡바람,제,3,거,67,10,57.5,003082,김홍권,002033,강영진,청룡,10500000
20260828,금요일,제주,3,14:55,1000,제5등급,일반,핸디캡,R1~20,2세이상,성별오픈,10,5,3104277,세계왕자,제,4,거,67,8,56.5,003094,곽석,002027,강대은,고임계,10500000
20260828,금요일,제주,3,14:55,1000,제5등급,일반,핸디캡,R1~20,2세이상,성별오픈,10,6,3107884,마조여신,제,3,암,67,1,53,003081,김준호,002036,강태종,안평림,10500000
20260828,금요일,제주,3,14:55,1000,제5등급,일반,핸디캡,R1~20,2세이상,성별오픈,10,7,3103951,자유열매,제,5,거,67,1,53,003089,박성광,002034,이태용,이영대,10500000
20260828,금요일,제주,3,14:55,1000,제5등급,일반,핸디캡,R1~20,2세이상,성별오픈,10,8,3105271,돈마천하,제,4,거,67,1,53,003077,강수한,002038,김길홍,돈마,10500000
20260828,금요일,제주,3,14:55,1000,제5등급,일반,핸디캡,R1~20,2세이상,성별오픈,10,9,3107908,투혼여제,제,3,암,67,9,57,003070,전현준,002042,김대연,신영미,10500000
20260828,금요일,제주,3,14:55,1000,제5등급,일반,핸디캡,R1~20,2세이상,성별오픈,10,10,3103807,신천여제,제,5,암,67,11,58,003092,이성민,002018,신경호,강인선,10500000
20260828,금요일,제주,4,15:45,1000,제5등급,일반,핸디캡,R1~20,2세이상,성별오픈,10,1,3104317,아름나,제,4,암,67,4,52.5,003092,이성민,002041,윤호상,문애순,10500000
20260828,금요일,제주,4,15:45,1000,제5등급,일반,핸디캡,R1~20,2세이상,성별오픈,10,2,3103947,자유시대,제,5,거,67,9,55,003087,임재광,002031,심도연,부건영,10500000
20260828,금요일,제주,4,15:45,1000,제5등급,일반,핸디캡,R1~20,2세이상,성별오픈,10,3,3102470,명품함성,제,6,암,67,14,57.5,003053,안득수,002027,강대은,박병철,10500000
20260828,금요일,제주,4,15:45,1000,제5등급,일반,핸디캡,R1~20,2세이상,성별오픈,10,4,3105484,스트롱캣,제,4,거,67,3,52,003089,박성광,002034,이태용,부건영,10500000
20260828,금요일,제주,4,15:45,1000,제5등급,일반,핸디캡,R1~20,2세이상,성별오픈,10,5,3108145,천상태양,제,3,거,67,9,55,003080,문현진,002026,고영덕,최남단,10500000
20260828,금요일,제주,4,15:45,1000,제5등급,일반,핸디캡,R1~20,2세이상,성별오픈,10,6,3019033,광해군,제,7,거,67,15,58,003096,양민재,002013,변용호,현상진,10500000
20260828,금요일,제주,4,15:45,1000,제5등급,일반,핸디캡,R1~20,2세이상,성별오픈,10,7,3107295,블랙타이거,제,3,암,67,12,56.5,003082,김홍권,002033,강영진,변완수,10500000
20260828,금요일,제주,4,15:45,1000,제5등급,일반,핸디캡,R1~20,2세이상,성별오픈,10,8,3102610,비룡신공,제,6,거,67,1,51,003058,한영민,002032,김태준,김무현,10500000
20260828,금요일,제주,4,15:45,1000,제5등급,일반,핸디캡,R1~20,2세이상,성별오픈,10,9,3107868,파워스타,제,3,암,67,11,56,003077,강수한,002030,최기호,이영대,10500000
20260828,금요일,제주,4,15:45,1000,제5등급,일반,핸디캡,R1~20,2세이상,성별오픈,10,10,3107933,폭풍군단,제,3,거,67,18,59.5,003094,곽석,002042,김대연,이창근,10500000
20260828,금요일,제주,5,16:40,1110,제5등급,일반,핸디캡,R1~20,2세이상,성별오픈,10,1,3108248,해피초원,제,3,암,67,3,52,003077,강수한,002034,이태용,송자민,10500000
20260828,금요일,제주,5,16:40,1110,제5등급,일반,핸디캡,R1~20,2세이상,성별오픈,10,2,3104732,대륙황후,제,4,암,67,19,60,003080,문현진,002018,신경호,신상섭,10500000
20260828,금요일,제주,5,16:40,1110,제5등급,일반,핸디캡,R1~20,2세이상,성별오픈,10,3,3105245,비룡진주,제,4,암,67,1,51,003075,원유일,002041,윤호상,문애순,10500000
20260828,금요일,제주,5,16:40,1110,제5등급,일반,핸디캡,R1~20,2세이상,성별오픈,10,4,3107862,태자주니어,제,3,수,67,13,57,003081,김준호,002036,강태종,서정숙,10500000
20260828,금요일,제주,5,16:40,1110,제5등급,일반,핸디캡,R1~20,2세이상,성별오픈,10,5,3103652,한라제패,제,5,거,67,11,56,003082,김홍권,002029,이준호,변공민,10500000
20260828,금요일,제주,5,16:40,1110,제5등급,일반,핸디캡,R1~20,2세이상,성별오픈,10,6,3104799,세모다,제,4,거,67,11,56,003058,한영민,002023,한상배,송자민,10500000
20260828,금요일,제주,5,16:40,1110,제5등급,일반,핸디캡,R1~20,2세이상,성별오픈,10,7,3107556,불꽃강자,제,3,거,67,8,54.5,003087,임재광,002031,심도연,강영수,10500000
20260828,금요일,제주,5,16:40,1110,제5등급,일반,핸디캡,R1~20,2세이상,성별오픈,10,8,3104697,으뜸여신,제,4,암,67,15,58,003053,안득수,002027,강대은,김민규,10500000
20260828,금요일,제주,5,16:40,1110,제5등급,일반,핸디캡,R1~20,2세이상,성별오픈,10,9,3103626,한백최강,제,5,거,67,7,54,003094,곽석,002042,김대연,김영구,10500000
20260828,금요일,제주,5,16:40,1110,제5등급,일반,핸디캡,R1~20,2세이상,성별오픈,10,10,3101834,대향연,제,6,거,67,15,58,003070,전현준,002029,이준호,오치영,10500000
20260828,금요일,제주,6,17:50,1110,제4등급,일반,핸디캡,R21~40,2세이상,성별오픈,10,1,3102752,천비왕자,제,6,거,67,35,57.5,003073,김다영,002039,문성호,김민규,13000000
20260828,금요일,제주,6,17:50,1110,제4등급,일반,핸디캡,R21~40,2세이상,성별오픈,10,2,3104160,달빛소리,제,4,암,67,38,59,003087,임재광,002031,심도연,오경보,13000000
20260828,금요일,제주,6,17:50,1110,제4등급,일반,핸디캡,R21~40,2세이상,성별오픈,10,3,3105495,무림왕자,제,4,거,67,28,54,003080,문현진,002018,신경호,신상섭,13000000
20260828,금요일,제주,6,17:50,1110,제4등급,일반,핸디캡,R21~40,2세이상,성별오픈,10,4,3018884,백록군주,제,7,수,67,37,58.5,003089,박성광,002034,이태용,쌍용통운,13000000
20260828,금요일,제주,6,17:50,1110,제4등급,일반,핸디캡,R21~40,2세이상,성별오픈,10,5,3105488,날려오라,제,4,암,67,34,57,003094,곽석,002042,김대연,김경림,13000000
20260828,금요일,제주,6,17:50,1110,제4등급,일반,핸디캡,R21~40,2세이상,성별오픈,10,6,3104068,전승소녀,제,5,암,67,35,57.5,003081,김준호,002036,강태종,현동부,13000000
20260828,금요일,제주,6,17:50,1110,제4등급,일반,핸디캡,R21~40,2세이상,성별오픈,10,7,3018999,색달미소,제,8,암,67,28,54,003058,한영민,002032,김태준,강승호,13000000
20260828,금요일,제주,6,17:50,1110,제4등급,일반,핸디캡,R21~40,2세이상,성별오픈,10,8,3107927,리듬블루,제,3,암,67,29,54.5,003053,안득수,002027,강대은,김호영,13000000
20260828,금요일,제주,6,17:50,1110,제4등급,일반,핸디캡,R21~40,2세이상,성별오픈,10,9,3104749,한빛제일,제,4,거,67,32,56,003092,이성민,002026,고영덕,송방원,13000000
20260828,금요일,제주,6,17:50,1110,제4등급,일반,핸디캡,R21~40,2세이상,성별오픈,10,10,3101811,날려버려,제,6,거,67,36,58,003070,전현준,002032,김태준,부건영,13000000
20260828,금요일,제주,7,19:00,1200,제4등급,일반,핸디캡,R21~40,2세이상,성별오픈,10,1,3018038,대별왕,제,9,거,67,29,54.5,003094,곽석,002042,김대연,홍규식,13000000
20260828,금요일,제주,7,19:00,1200,제4등급,일반,핸디캡,R21~40,2세이상,성별오픈,10,2,3104649,일품걸,제,4,암,67,36,58,003070,전현준,002029,이준호,양방철,13000000
20260828,금요일,제주,7,19:00,1200,제4등급,일반,핸디캡,R21~40,2세이상,성별오픈,10,3,3103519,환상지오,제,5,거,67,29,54.5,003089,박성광,002034,이태용,부건영,13000000
20260828,금요일,제주,7,19:00,1200,제4등급,일반,핸디캡,R21~40,2세이상,성별오픈,10,4,3104790,천상의별,제,4,거,67,29,54.5,003081,김준호,002036,강태종,강진숙,13000000
20260828,금요일,제주,7,19:00,1200,제4등급,일반,핸디캡,R21~40,2세이상,성별오픈,10,5,3104752,태흥신공,제,4,거,67,31,55.5,003080,문현진,002026,고영덕,송방원,13000000
20260828,금요일,제주,7,19:00,1200,제4등급,일반,핸디캡,R21~40,2세이상,성별오픈,10,6,3108052,신안으뜸,제,3,수,67,36,58,003077,강수한,002038,김길홍,한빛,13000000
20260828,금요일,제주,7,19:00,1200,제4등급,일반,핸디캡,R21~40,2세이상,성별오픈,10,7,3018933,오라태양,제,7,수,67,29,54.5,003084,김한남,002032,김태준,서정숙,13000000
20260828,금요일,제주,7,19:00,1200,제4등급,일반,핸디캡,R21~40,2세이상,성별오픈,10,8,3018748,성공제일,제,8,거,67,40,60,003092,이성민,002018,신경호,문인환,13000000
20260828,금요일,제주,7,19:00,1200,제4등급,일반,핸디캡,R21~40,2세이상,성별오픈,10,9,3105270,가온천하,제,4,거,67,21,51,003082,김홍권,002033,강영진,조태만,13000000
20260828,금요일,제주,7,19:00,1200,제4등급,일반,핸디캡,R21~40,2세이상,성별오픈,10,10,3103803,백두영웅,제,5,거,67,23,51.5,003086,이동준,002039,문성호,강영수,13000000
20260828,금요일,제주,8,19:55,1200,제3등급,일반,핸디캡,R41~60,2세이상,성별오픈,10,1,3104183,백용해,제,4,수,67,55,57,003070,전현준,002029,이준호,임상관,15500000
20260828,금요일,제주,8,19:55,1200,제3등급,일반,핸디캡,R41~60,2세이상,성별오픈,10,2,3103588,소왕산,제,5,암,67,47,53,003075,원유일,002021,윤덕상,강재필,15500000
20260828,금요일,제주,8,19:55,1200,제3등급,일반,핸디캡,R41~60,2세이상,성별오픈,10,3,3104645,한라보배,제,4,거,67,50,54.5,003082,김홍권,002033,강영진,강경덕,15500000
20260828,금요일,제주,8,19:55,1200,제3등급,일반,핸디캡,R41~60,2세이상,성별오픈,10,4,3017642,쌍용신화,제,10,거,67,55,57,003089,박성광,002034,이태용,쌍용통운,15500000
20260828,금요일,제주,8,19:55,1200,제3등급,일반,핸디캡,R41~60,2세이상,성별오픈,10,5,3103451,리듬황후,제,5,암,67,59,59,003080,문현진,002026,고영덕,신우,15500000
20260828,금요일,제주,8,19:55,1200,제3등급,일반,핸디캡,R41~60,2세이상,성별오픈,10,6,3018668,으뜸영웅,제,8,거,67,44,51.5,003087,임재광,002031,심도연,김영구,15500000
20260828,금요일,제주,8,19:55,1200,제3등급,일반,핸디캡,R41~60,2세이상,성별오픈,10,7,3104611,와흘호,제,4,수,67,52,55.5,003081,김준호,002023,한상배,양우선,15500000
20260828,금요일,제주,8,19:55,1200,제3등급,일반,핸디캡,R41~60,2세이상,성별오픈,10,8,3104591,제주전사,제,4,거,67,43,51,003096,양민재,002030,최기호,김정봉,15500000
20260828,금요일,제주,8,19:55,1200,제3등급,일반,핸디캡,R41~60,2세이상,성별오픈,10,9,3104223,청룡에이스,제,4,암,67,46,52.5,003092,이성민,002033,강영진,청룡,15500000
20260828,금요일,제주,8,19:55,1200,제3등급,일반,핸디캡,R41~60,2세이상,성별오픈,10,10,3101725,킹코브라,제,7,수,67,44,51.5,003053,안득수,002013,변용호,양근재,15500000
20260829,토요일,서울,1,12:55,1000,국6등급,일반,별정A,R0~0,2세,암,8,1,0056001,마천마마,한국,2,암,67,-,52.5,080616,마이아,070096,서범석,마용숙,24750000
20260829,토요일,서울,1,12:55,1000,국6등급,일반,별정A,R0~0,2세,암,8,2,0055716,에이케이선,한국,2,암,67,0,52.5,080405,김용근,070306,홍윤화,함승원,24750000
20260829,토요일,서울,1,12:55,1000,국6등급,일반,별정A,R0~0,2세,암,8,3,0055335,마이티뮬란,한국(포),2,암,67,0,52.5,080417,유승완,070160,서홍수,조병태,24750000
20260829,토요일,서울,1,12:55,1000,국6등급,일반,별정A,R0~0,2세,암,8,4,0056966,아리온퀸즈,한국,2,암,67,0,51.5,080621,(-1)우인철,070181,이관호,권진환,24750000
20260829,토요일,서울,1,12:55,1000,국6등급,일반,별정A,R0~0,2세,암,8,5,0055524,행운스타,한국,2,암,67,-,52.5,080550,조재로,070165,서인석,조경수,24750000
20260829,토요일,서울,1,12:55,1000,국6등급,일반,별정A,R0~0,2세,암,8,6,0056227,툰테자,한국,2,암,67,-,52.5,080530,정정희,070244,리카디,로스린다 유누스,24750000
20260829,토요일,서울,1,12:55,1000,국6등급,일반,별정A,R0~0,2세,암,8,7,0055472,걸작루비,한국,2,암,67,0,52.5,080486,이혁,070293,정하백,박덕희,24750000
20260829,토요일,서울,1,12:55,1000,국6등급,일반,별정A,R0~0,2세,암,8,8,0055787,파워풀스탠스,한국,2,암,67,-,52.5,080624,루이스,070248,함완식,지성배,24750000
20260829,토요일,서울,2,13:45,1200,국6등급,일반,별정A,R0~0,연령오픈,성별오픈,11,1,0053917,플라잉치프,한국,3,거,67,-,56,080405,김용근,070197,이준철,김형순,16500000
20260829,토요일,서울,2,13:45,1200,국6등급,일반,별정A,R0~0,연령오픈,성별오픈,11,2,0050970,피엔에스원,한국,4,암,67,0,54,080568,다실바,070117,박윤규,피엔에스홈즈,16500000
20260829,토요일,서울,2,13:45,1200,국6등급,일반,별정A,R0~0,연령오픈,성별오픈,11,3,0054323,특급기상,한국,3,암,67,-,54,080608,오수철,070247,이동국,김근영,16500000
20260829,토요일,서울,2,13:45,1200,국6등급,일반,별정A,R0~0,연령오픈,성별오픈,11,4,0054178,라이즈파워,한국,3,수,67,-,55,080621,(-1)우인철,070170,김동균,박정재,16500000
20260829,토요일,서울,2,13:45,1200,국6등급,일반,별정A,R0~0,연령오픈,성별오픈,11,5,0053269,아모스전사,한국,3,수,67,0,56,080530,정정희,070306,홍윤화,조아건설(주),16500000
20260829,토요일,서울,2,13:45,1200,국6등급,일반,별정A,R0~0,연령오픈,성별오픈,11,6,0053509,블루로즈,한국,3,암,67,-,54,080473,김정준,070167,이신우,범한산업,16500000
20260829,토요일,서울,2,13:45,1200,국6등급,일반,별정A,R0~0,연령오픈,성별오픈,11,7,0053686,스터닝히어로,한국(포),3,수,67,-,56,080611,푸르칸,070170,김동균,박성구,16500000
20260829,토요일,서울,2,13:45,1200,국6등급,일반,별정A,R0~0,연령오픈,성별오픈,11,8,0053862,금성축제,한국,3,암,67,0,54,080599,김태현,070165,서인석,조창규,16500000
20260829,토요일,서울,2,13:45,1200,국6등급,일반,별정A,R0~0,연령오픈,성별오픈,11,9,0055267,베스트프렌드,한국,2,수,67,-,54.5,080562,이동하,070225,문병기,(주)나스카,16500000
20260829,토요일,서울,2,13:45,1200,국6등급,일반,별정A,R0~0,연령오픈,성별오픈,11,10,0053943,퀸즈레이스,한국,3,암,67,0,54,080533,조상범,070146,안병기,박병현,16500000
20260829,토요일,서울,2,13:45,1200,국6등급,일반,별정A,R0~0,연령오픈,성별오픈,11,11,0056217,라온더칼,한국,2,수,67,-,54.5,080476,장추열,070304,이강서,손천수,16500000
20260829,토요일,서울,3,14:35,1300,국6등급,일반,별정A,R0~0,연령오픈,성별오픈,11,1,0051308,원더풀치프,한국,4,수,68,0,56,080473,김정준,070165,서인석,(주)녹원목장,16500000
20260829,토요일,서울,3,14:35,1300,국6등급,일반,별정A,R0~0,연령오픈,성별오픈,11,2,0054471,슈퍼캔디,한국,4,암,68,0,54,080550,조재로,070247,이동국,(주)쎄쎄쎄,16500000
20260829,토요일,서울,3,14:35,1300,국6등급,일반,별정A,R0~0,연령오픈,성별오픈,11,3,0053438,판타스틱브로,한국,3,암,68,0,54,080608,오수철,070146,안병기,박병현,16500000
20260829,토요일,서울,3,14:35,1300,국6등급,일반,별정A,R0~0,연령오픈,성별오픈,11,4,0050825,스파이스밴드,한국,4,암,68,0,54,080611,푸르칸,070167,이신우,정영식,16500000
20260829,토요일,서울,3,14:35,1300,국6등급,일반,별정A,R0~0,연령오픈,성별오픈,11,5,0051316,비바참,한국,4,암,68,0,54,080599,김태현,070182,전승규,김명식,16500000
20260829,토요일,서울,3,14:35,1300,국6등급,일반,별정A,R0~0,연령오픈,성별오픈,11,6,0046772,피엔에스미,한국,5,암,68,0,54,080515,조한별,070117,박윤규,피엔에스홈즈,16500000
20260829,토요일,서울,3,14:35,1300,국6등급,일반,별정A,R0~0,연령오픈,성별오픈,11,7,0053024,그랜드커리지,한국,3,수,68,0,56,080417,유승완,070144,배휴준,강종우,16500000
20260829,토요일,서울,3,14:35,1300,국6등급,일반,별정A,R0~0,연령오픈,성별오픈,11,8,0054260,프라임스타,한국,3,암,68,0,54,080513,송재철,070198,임채덕,양순희,16500000
20260829,토요일,서울,3,14:35,1300,국6등급,일반,별정A,R0~0,연령오픈,성별오픈,11,9,0052916,히어로드래건,한국,3,암,68,0,54,080602,임다빈,070300,백종수,임재형,16500000
20260829,토요일,서울,3,14:35,1300,국6등급,일반,별정A,R0~0,연령오픈,성별오픈,11,10,0054864,래피드총알,한국,3,암,68,0,54,080603,김태희,070164,박재우,박정재,16500000
20260829,토요일,서울,3,14:35,1300,국6등급,일반,별정A,R0~0,연령오픈,성별오픈,11,11,0053927,나이트캡틴,한국,3,암,68,0,54,080533,조상범,070199,조현수,신명석,16500000
20260829,토요일,서울,4,15:25,1700,국5등급,일반,핸디캡,R1~35,연령오픈,성별오픈,10,1,0051740,문학벨,한국(포),4,암,67,32,56.5,080624,루이스,070164,박재우,권경자,24750000
20260829,토요일,서울,4,15:25,1700,국5등급,일반,핸디캡,R1~35,연령오픈,성별오픈,10,2,0053761,세이버스,한국,3,수,67,28,56.5,080550,조재로,070293,정하백,김광두,24750000
20260829,토요일,서울,4,15:25,1700,국5등급,일반,핸디캡,R1~35,연령오픈,성별오픈,10,3,0046673,러브스칼렛,한국,5,암,67,32,56.5,080611,푸르칸,070175,강환민,지앤지스타트(주),24750000
20260829,토요일,서울,4,15:25,1700,국5등급,일반,핸디캡,R1~35,연령오픈,성별오픈,10,4,0054881,미스터크레딧,한국,3,수,67,26,55.5,080486,이혁,070096,서범석,박순옥,24750000
20260829,토요일,서울,4,15:25,1700,국5등급,일반,핸디캡,R1~35,연령오픈,성별오픈,10,5,0053708,블랙마마,한국,3,암,67,32,56.5,080616,마이아,070164,박재우,파인트리,24750000
20260829,토요일,서울,4,15:25,1700,국5등급,일반,핸디캡,R1~35,연령오픈,성별오픈,10,6,0050900,혁명의질주,한국,4,암,67,27,54,080602,임다빈,070144,배휴준,미리내,24750000
20260829,토요일,서울,4,15:25,1700,국5등급,일반,핸디캡,R1~35,연령오픈,성별오픈,10,7,0047264,학산대세,한국,5,암,67,24,52.5,080582,빅투아르,070290,문세영,황봉기,24750000
20260829,토요일,서울,4,15:25,1700,국5등급,일반,핸디캡,R1~35,연령오픈,성별오픈,10,8,0051036,블랙러시안,한국,4,거,67,25,55,080484,서승운,070289,성상현,박재용,24750000
20260829,토요일,서울,4,15:25,1700,국5등급,일반,핸디캡,R1~35,연령오픈,성별오픈,10,9,0053645,라온킹스맨,한국,3,수,67,28,56.5,080476,장추열,070304,이강서,손천수,24750000
20260829,토요일,서울,4,15:25,1700,국5등급,일반,핸디캡,R1~35,연령오픈,성별오픈,10,10,0046999,샤크텐,한국,5,거,67,28,56.5,080533,조상범,070264,박지헌,힐링팜조합,24750000
20260829,토요일,서울,5,16:15,1200,국5등급,일반,핸디캡,R1~35,연령오픈,성별오픈,11,1,0050951,폭스트롯,한국,4,암,67,23,52.5,080473,김정준,070163,박병일,본투런,24750000
20260829,토요일,서울,5,16:15,1200,국5등급,일반,핸디캡,R1~35,연령오픈,성별오픈,11,2,0047071,주링스카이,한국,5,암,67,33,55,080484,서승운,070170,김동균,최임규,24750000
20260829,토요일,서울,5,16:15,1200,국5등급,일반,핸디캡,R1~35,연령오픈,성별오픈,11,3,0054384,서울비행,한국,3,수,67,29,55,080617,코지,070181,이관호,이동좌,24750000
20260829,토요일,서울,5,16:15,1200,국5등급,일반,핸디캡,R1~35,연령오픈,성별오픈,11,4,0053644,라온더클라라,한국,3,암,67,31,54,080486,이혁,070304,이강서,라온랜드(주),24750000
20260829,토요일,서울,5,16:15,1200,국5등급,일반,핸디캡,R1~35,연령오픈,성별오픈,11,5,0053969,학산새미,한국,3,암,67,29,53,080562,이동하,070163,박병일,황봉기,24750000
20260829,토요일,서울,5,16:15,1200,국5등급,일반,핸디캡,R1~35,연령오픈,성별오픈,11,6,0050780,예스엔젤,한국,4,암,67,23,52.5,080578,김효정,070164,박재우,조창규,24750000
20260829,토요일,서울,5,16:15,1200,국5등급,일반,핸디캡,R1~35,연령오픈,성별오픈,11,7,0053353,용비신화,한국,3,거,67,33,57,080405,김용근,070199,조현수,정성진,24750000
20260829,토요일,서울,5,16:15,1200,국5등급,일반,핸디캡,R1~35,연령오픈,성별오픈,11,8,0053793,이클립스엘리,한국,3,암,67,28,52.5,080546,박재이,070197,이준철,조한수,24750000
20260829,토요일,서울,5,16:15,1200,국5등급,일반,핸디캡,R1~35,연령오픈,성별오픈,11,9,0053257,뷰티풀리,한국,3,암,67,28,52.5,080550,조재로,070115,박천서,박광순,24750000
20260829,토요일,서울,5,16:15,1200,국5등급,일반,핸디캡,R1~35,연령오픈,성별오픈,11,10,0050690,문학파이터,한국,4,암,67,33,55,080624,루이스,070148,정호익,권경자,24750000
20260829,토요일,서울,5,16:15,1200,국5등급,일반,핸디캡,R1~35,연령오픈,성별오픈,11,11,0053592,영원한스타,한국,3,암,67,33,55,080513,송재철,070247,이동국,조병해,24750000
20260829,토요일,서울,6,17:05,1300,국5등급,일반,핸디캡,R1~35,연령오픈,성별오픈,11,1,0054201,벌교엠퍼러,한국(포),3,수,67,32,55.5,080434,김철호,070290,문세영,유성훈,24750000
20260829,토요일,서울,6,17:05,1300,국5등급,일반,핸디캡,R1~35,연령오픈,성별오픈,11,2,0053641,금아온포인트,한국,3,거,67,26,52.5,080473,김정준,070181,이관호,금아산업(주),24750000
20260829,토요일,서울,6,17:05,1300,국5등급,일반,핸디캡,R1~35,연령오픈,성별오픈,11,3,0053194,화이트잭팟,한국,3,거,67,29,54,080530,정정희,070244,리카디,이강운,24750000
20260829,토요일,서울,6,17:05,1300,국5등급,일반,핸디캡,R1~35,연령오픈,성별오픈,11,4,0051778,와달비,한국,4,거,67,28,53.5,080603,김태희,070247,이동국,(주)늘푸른목장,24750000
20260829,토요일,서울,6,17:05,1300,국5등급,일반,핸디캡,R1~35,연령오픈,성별오픈,11,5,0047116,엑스팩터,한국,5,거,67,35,57,080484,서승운,070170,김동균,공이공팔,24750000
20260829,토요일,서울,6,17:05,1300,국5등급,일반,핸디캡,R1~35,연령오픈,성별오픈,11,6,0053872,세명피크,한국(포),3,암,67,26,52.5,080611,푸르칸,070305,차우호,이기철,24750000
20260829,토요일,서울,6,17:05,1300,국5등급,일반,핸디캡,R1~35,연령오픈,성별오픈,11,7,0054466,팔팔날아,한국,3,암,67,26,52.5,080568,다실바,070117,박윤규,퍼플라인,24750000
20260829,토요일,서울,6,17:05,1300,국5등급,일반,핸디캡,R1~35,연령오픈,성별오픈,11,8,0051223,이클립스에지,한국,4,거,67,27,53,080100,김옥성,070160,서홍수,조한수,24750000
20260829,토요일,서울,6,17:05,1300,국5등급,일반,핸디캡,R1~35,연령오픈,성별오픈,11,9,0046161,그래티튜드,한국,6,암,67,23,52.5,080578,김효정,070167,이신우,(주)일진코스메틱,24750000
20260829,토요일,서울,6,17:05,1300,국5등급,일반,핸디캡,R1~35,연령오픈,성별오픈,11,10,0045339,파이널축제,한국,6,수,67,35,57,080533,조상범,070198,임채덕,럭키,24750000
20260829,토요일,서울,6,17:05,1300,국5등급,일반,핸디캡,R1~35,연령오픈,성별오픈,11,11,0051037,그랜드쾌마,한국,4,수,67,27,53,080487,임기원,070179,송문길,박재범,24750000
20260829,토요일,서울,7,18:25,1600,국4등급,일반,핸디캡,R1~50,연령오픈,암,10,1,0051562,퀸다이아,한국,4,암,67,49,56.5,080476,장추열,070181,이관호,김아라,33000000
20260829,토요일,서울,7,18:25,1600,국4등급,일반,핸디캡,R1~50,연령오픈,암,10,2,0054761,세명다이아,한국,4,암,67,37,52.5,080486,이혁,070144,배휴준,이기철,33000000
20260829,토요일,서울,7,18:25,1600,국4등급,일반,핸디캡,R1~50,연령오픈,암,10,3,0053941,와일드매직,한국,3,암,67,50,57,080578,김효정,070244,리카디,이시돌협회,33000000
20260829,토요일,서울,7,18:25,1600,국4등급,일반,핸디캡,R1~50,연령오픈,암,10,4,0045476,울트라삭스,한국,6,암,67,39,51,080621,(-1)우인철,070174,강성오,김창식,33000000
20260829,토요일,서울,7,18:25,1600,국4등급,일반,핸디캡,R1~50,연령오픈,암,10,5,0052990,마이티샤인,한국,3,암,67,45,54.5,080616,마이아,070160,서홍수,조제형,33000000
20260829,토요일,서울,7,18:25,1600,국4등급,일반,핸디캡,R1~50,연령오픈,암,10,6,0051529,원더풀어롱,한국,4,암,67,39,52.5,080568,다실바,070096,서범석,(주)녹원목장,33000000
20260829,토요일,서울,7,18:25,1600,국4등급,일반,핸디캡,R1~50,연령오픈,암,10,7,0053918,아리온퀸카,한국,3,암,67,37,52.5,080550,조재로,070247,이동국,권진환,33000000
20260829,토요일,서울,7,18:25,1600,국4등급,일반,핸디캡,R1~50,연령오픈,암,10,8,0046539,컴플리트스텝,한국,6,암,67,49,56.5,080487,임기원,070167,이신우,장석영,33000000
20260829,토요일,서울,7,18:25,1600,국4등급,일반,핸디캡,R1~50,연령오픈,암,10,9,0054020,티나케이,미국,5,암,67,46,55,080565,정도윤,070200,최용건,강경운,33000000
20260829,토요일,서울,7,18:25,1600,국4등급,일반,핸디캡,R1~50,연령오픈,암,10,10,0053198,해피투게더,한국,3,암,67,46,55,080515,조한별,070293,정하백,김기종,33000000
20260829,토요일,서울,8,18:55,1800,2등급,일반,핸디캡,R1~80,연령오픈,성별오픈,11,1,0056398,블루넬로,미국,4,수,67,67,53,080484,서승운,070117,박윤규,최병욱,49500000
20260829,토요일,서울,8,18:55,1800,2등급,일반,핸디캡,R1~80,연령오픈,성별오픈,11,2,0055090,슈퍼선더,뉴질랜드,5,거,67,64,52.5,080530,정정희,070200,최용건,양동희,49500000
20260829,토요일,서울,8,18:55,1800,2등급,일반,핸디캡,R1~80,연령오픈,성별오픈,11,3,0044706,머스탱파워,한국,7,거,67,76,57.5,080611,푸르칸,070175,강환민,이영성,49500000
20260829,토요일,서울,8,18:55,1800,2등급,일반,핸디캡,R1~80,연령오픈,성별오픈,11,4,0054029,새파랑,미국,5,수,67,71,55,080476,장추열,070096,서범석,최현우,49500000
20260829,토요일,서울,8,18:55,1800,2등급,일반,핸디캡,R1~80,연령오픈,성별오픈,11,5,0054008,위즈러너,미국,5,거,67,70,54.5,080513,송재철,070306,홍윤화,최몽주,49500000
20260829,토요일,서울,8,18:55,1800,2등급,일반,핸디캡,R1~80,연령오픈,성별오픈,11,6,0060345,지비볼트,미국,3,거,67,77,58,080582,빅투아르,070244,리카디,손병석,49500000
20260829,토요일,서울,8,18:55,1800,2등급,일반,핸디캡,R1~80,연령오픈,성별오픈,11,7,0050685,학산다크호스,한국,4,수,67,70,54.5,080562,이동하,070290,문세영,황봉기,49500000
20260829,토요일,서울,8,18:55,1800,2등급,일반,핸디캡,R1~80,연령오픈,성별오픈,11,8,0054604,케이드래곤,캐나다,4,거,67,74,56.5,080405,김용근,070197,이준철,김형란,49500000
20260829,토요일,서울,8,18:55,1800,2등급,일반,핸디캡,R1~80,연령오픈,성별오픈,11,9,0045158,월드참,한국,7,수,67,66,52.5,080533,조상범,070264,박지헌,유성훈,49500000
20260829,토요일,서울,8,18:55,1800,2등급,일반,핸디캡,R1~80,연령오픈,성별오픈,11,10,0054010,오라칸,미국,5,수,67,71,55,080515,조한별,070293,정하백,유정희,49500000
20260829,토요일,서울,8,18:55,1800,2등급,일반,핸디캡,R1~80,연령오픈,성별오픈,11,11,0052103,드래곤킬러,한국,4,수,67,74,52.5,080622,(-4)조성환,070175,강환민,김형란,49500000
20260829,토요일,서울,9,19:25,1200,혼4등급,일반,핸디캡,R0~50,연령오픈,성별오픈,11,1,0061540,마이티허쉬,미국,2,수,67,38,51,080603,김태희,070160,서홍수,조병태,33000000
20260829,토요일,서울,9,19:25,1200,혼4등급,일반,핸디캡,R0~50,연령오픈,성별오픈,11,2,0054462,퍼플코리아,한국,3,암,67,37,52.5,080562,이동하,070200,최용건,퍼플라인,33000000
20260829,토요일,서울,9,19:25,1200,혼4등급,일반,핸디캡,R0~50,연령오픈,성별오픈,11,3,0053802,그레이스데이,한국,3,수,67,37,52.5,080530,정정희,070146,안병기,정현주,33000000
20260829,토요일,서울,9,19:25,1200,혼4등급,일반,핸디캡,R0~50,연령오픈,성별오픈,11,4,0061573,슈프림다이아,미국,2,암,67,37,52.5,080568,다실바,070174,강성오,김아라,33000000
20260829,토요일,서울,9,19:25,1200,혼4등급,일반,핸디캡,R0~50,연령오픈,성별오픈,11,5,0060702,세종파워,미국,3,수,67,46,56.5,080405,김용근,070199,조현수,정성진,33000000
20260829,토요일,서울,9,19:25,1200,혼4등급,일반,핸디캡,R0~50,연령오픈,성별오픈,11,6,0060340,팬텀프린스,미국,3,수,67,39,53,080476,장추열,070289,성상현,강만구,33000000
20260829,토요일,서울,9,19:25,1200,혼4등급,일반,핸디캡,R0~50,연령오픈,성별오픈,11,7,0060829,제이에스베트,미국,3,수,67,38,52.5,080513,송재철,070179,송문길,박정재,33000000
20260829,토요일,서울,9,19:25,1200,혼4등급,일반,핸디캡,R0~50,연령오픈,성별오픈,11,8,0053041,위대한함성,한국,3,수,67,44,55.5,080487,임기원,070181,이관호,황의영,33000000
20260829,토요일,서울,9,19:25,1200,혼4등급,일반,핸디캡,R0~50,연령오픈,성별오픈,11,9,0054056,은빛유혹,한국,3,암,67,40,52.5,080473,김정준,070166,심승태,이종욱,33000000
20260829,토요일,서울,9,19:25,1200,혼4등급,일반,핸디캡,R0~50,연령오픈,성별오픈,11,10,0058005,글로벌하트,호주,4,암,67,36,52.5,080602,임다빈,070182,전승규,장재형,33000000
20260829,토요일,서울,9,19:25,1200,혼4등급,일반,핸디캡,R0~50,연령오픈,성별오픈,11,11,0060707,히든다이아,미국,3,암,67,36,52.5,080611,푸르칸,070167,이신우,김아라,33000000
20260829,토요일,서울,10,19:55,1400,국3등급,일반,핸디캡,R1~65,연령오픈,성별오픈,9,1,0051749,문학축제,한국(포),4,수,67,55,54,080617,코지,070164,박재우,권경자,41250000
20260829,토요일,서울,10,19:55,1400,국3등급,일반,핸디캡,R1~65,연령오픈,성별오픈,9,2,0051567,퍼펙트다나은,한국,4,거,67,60,56.5,080616,마이아,070170,김동균,이진경,41250000
20260829,토요일,서울,10,19:55,1400,국3등급,일반,핸디캡,R1~65,연령오픈,성별오픈,9,3,0051830,즐거운상상,한국,4,수,67,59,56,080530,정정희,070200,최용건,우태율,41250000
20260829,토요일,서울,10,19:55,1400,국3등급,일반,핸디캡,R1~65,연령오픈,성별오픈,9,4,0047331,내길의위너,한국,5,수,67,54,53.5,080361,최범현,070305,차우호,유종국,41250000
20260829,토요일,서울,10,19:55,1400,국3등급,일반,핸디캡,R1~65,연령오픈,성별오픈,9,5,0051771,자이언트보스,한국,4,수,67,63,58,080405,김용근,070199,조현수,신명석,41250000
20260829,토요일,서울,10,19:55,1400,국3등급,일반,핸디캡,R1~65,연령오픈,성별오픈,9,6,0051240,라온니진스키,한국,4,거,67,55,54,080562,이동하,070304,이강서,라온랜드(주),41250000
20260829,토요일,서울,10,19:55,1400,국3등급,일반,핸디캡,R1~65,연령오픈,성별오픈,9,7,0051218,송당황태자,한국,4,수,67,60,56.5,080602,임다빈,070148,정호익,제주축산개발,41250000
20260829,토요일,서울,10,19:55,1400,국3등급,일반,핸디캡,R1~65,연령오픈,성별오픈,9,8,0047127,손에손잡고,한국,5,암,67,43,52.5,080608,오수철,070247,이동국,차청일,41250000
20260829,토요일,서울,10,19:55,1400,국3등급,일반,핸디캡,R1~65,연령오픈,성별오픈,9,9,0051758,차밍퀸,한국,4,암,67,52,52.5,080533,조상범,070244,리카디,이시돌협회,41250000
20260829,토요일,제주,1,12:30,900,제6등급,일반,별정A,700만원 미만,4세이하,성별오픈,10,1,3108253,행복나루,제,3,수,68,0,55,003077,강수한,002038,김길홍,천창수,7000000
20260829,토요일,제주,1,12:30,900,제6등급,일반,별정A,700만원 미만,4세이하,성별오픈,10,2,3108443,리더형,제,3,거,68,-,55,003073,김다영,002041,윤호상,이충헌,7000000
20260829,토요일,제주,1,12:30,900,제6등급,일반,별정A,700만원 미만,4세이하,성별오픈,10,3,3107573,천상비,제,3,암,68,0,55,003075,원유일,002039,문성호,문애순,7000000
20260829,토요일,제주,1,12:30,900,제6등급,일반,별정A,700만원 미만,4세이하,성별오픈,10,4,3104601,청호전설,제,4,수,68,0,55,003061,곽용남,002021,윤덕상,이정언,7000000
20260829,토요일,제주,1,12:30,900,제6등급,일반,별정A,700만원 미만,4세이하,성별오픈,10,5,3104279,마패창,제,4,거,68,0,55,003082,김홍권,002023,한상배,김흥보,7000000
20260829,토요일,제주,1,12:30,900,제6등급,일반,별정A,700만원 미만,4세이하,성별오픈,10,6,3107515,백록황후,제,3,암,68,0,55,003081,김준호,002036,강태종,조경수,7000000
20260829,토요일,제주,1,12:30,900,제6등급,일반,별정A,700만원 미만,4세이하,성별오픈,10,7,3109099,웅진미소,제,2,수,68,0,55,003084,김한남,002038,김길홍,웅진산업,7000000
20260829,토요일,제주,1,12:30,900,제6등급,일반,별정A,700만원 미만,4세이하,성별오픈,10,8,3107869,타잔,제,3,거,68,0,55,003089,박성광,002034,이태용,이지우,7000000
20260829,토요일,제주,1,12:30,900,제6등급,일반,별정A,700만원 미만,4세이하,성별오픈,10,9,3107632,천마일호,제,3,거,68,-,55,003095,박재희,002028,박병진,진창배,7000000
20260829,토요일,제주,1,12:30,900,제6등급,일반,별정A,700만원 미만,4세이하,성별오픈,10,10,3105286,자유연대,제,4,암,68,0,55,003092,이성민,002023,한상배,강승호,7000000
20260829,토요일,제주,2,13:20,900,제5등급,일반,핸디캡,R1~20,2세이상,성별오픈,10,1,3104793,귤스타,제,4,거,68,6,55,003092,이성민,002026,고영덕,백마,10500000
20260829,토요일,제주,2,13:20,900,제5등급,일반,핸디캡,R1~20,2세이상,성별오픈,10,2,3107861,대기산,제,3,암,68,12,58,003084,김한남,002038,김길홍,서정숙,10500000
20260829,토요일,제주,2,13:20,900,제5등급,일반,핸디캡,R1~20,2세이상,성별오픈,10,3,3102101,서부검객,제,6,거,68,7,55.5,003094,곽석,002042,김대연,유성훈,10500000
20260829,토요일,제주,2,13:20,900,제5등급,일반,핸디캡,R1~20,2세이상,성별오픈,10,4,3103437,거석황후,제,5,암,68,3,53.5,003073,김다영,002041,윤호상,김영일1,10500000
20260829,토요일,제주,2,13:20,900,제5등급,일반,핸디캡,R1~20,2세이상,성별오픈,10,5,3104144,슬기돌이,제,4,거,68,3,53.5,003070,전현준,002030,최기호,고상운,10500000
20260829,토요일,제주,2,13:20,900,제5등급,일반,핸디캡,R1~20,2세이상,성별오픈,10,6,3108211,대왕비,제,3,암,68,4,54,003082,김홍권,002033,강영진,제주홀스,10500000
20260829,토요일,제주,2,13:20,900,제5등급,일반,핸디캡,R1~20,2세이상,성별오픈,10,7,3107629,평화군,제,3,암,68,8,56,003081,김준호,002036,강태종,고명아,10500000
20260829,토요일,제주,2,13:20,900,제5등급,일반,핸디캡,R1~20,2세이상,성별오픈,10,8,3105248,무영천마,제,4,암,68,6,55,003087,임재광,002031,심도연,칼데라,10500000
20260829,토요일,제주,2,13:20,900,제5등급,일반,핸디캡,R1~20,2세이상,성별오픈,10,9,3104580,마인드퀸,제,4,암,68,2,53,003086,이동준,002039,문성호,김영일1,10500000
20260829,토요일,제주,2,13:20,900,제5등급,일반,핸디캡,R1~20,2세이상,성별오픈,10,10,3107483,장타퀸,제,3,암,68,12,58,003080,문현진,002028,박병진,김남헌,10500000
20260829,토요일,제주,3,14:10,1300,제2등급,(주)한라산배 희망제주! 기념경주,핸디캡,R61~80,2세이상,성별오픈,8,1,3103929,드림히트,제,5,거,68,63,52,003080,문현진,002026,고영덕,김창균,18500000
20260829,토요일,제주,3,14:10,1300,제2등급,(주)한라산배 희망제주! 기념경주,핸디캡,R61~80,2세이상,성별오픈,8,2,3017958,흥국강타,제,9,거,68,70,55.5,003089,박성광,002034,이태용,칼데라,18500000
20260829,토요일,제주,3,14:10,1300,제2등급,(주)한라산배 희망제주! 기념경주,핸디캡,R61~80,2세이상,성별오픈,8,3,3102338,명문대부,제,7,거,68,61,51,003092,이성민,002013,변용호,명가,18500000
20260829,토요일,제주,3,14:10,1300,제2등급,(주)한라산배 희망제주! 기념경주,핸디캡,R61~80,2세이상,성별오픈,8,4,3018812,완벽세대,제,8,암,68,78,59.5,003087,임재광,002031,심도연,변완수,18500000
20260829,토요일,제주,3,14:10,1300,제2등급,(주)한라산배 희망제주! 기념경주,핸디캡,R61~80,2세이상,성별오픈,8,5,3101848,한백제왕,제,6,거,68,70,55.5,003094,곽석,002042,김대연,김영구,18500000
20260829,토요일,제주,3,14:10,1300,제2등급,(주)한라산배 희망제주! 기념경주,핸디캡,R61~80,2세이상,성별오픈,8,6,3018474,달의전사,제,8,수,68,66,53.5,003075,원유일,002041,윤호상,강명숙,18500000
20260829,토요일,제주,3,14:10,1300,제2등급,(주)한라산배 희망제주! 기념경주,핸디캡,R61~80,2세이상,성별오픈,8,7,3102589,대왕대군,제,6,거,68,67,54,003082,김홍권,002033,강영진,고영조,18500000
20260829,토요일,제주,3,14:10,1300,제2등급,(주)한라산배 희망제주! 기념경주,핸디캡,R61~80,2세이상,성별오픈,8,8,3103787,보라매,제,5,거,68,62,51.5,003061,곽용남,002021,윤덕상,강원표,18500000
20260829,토요일,제주,4,15:00,1000,제5등급,일반,핸디캡,R1~20,2세이상,성별오픈,10,1,3108102,용머루,제,3,거,68,3,51,003061,곽용남,002021,윤덕상,고형주,10500000
20260829,토요일,제주,4,15:00,1000,제5등급,일반,핸디캡,R1~20,2세이상,성별오픈,10,2,3109130,슈퍼스타,제,2,수,68,10,54.5,003077,강수한,002038,김길홍,안평림,10500000
20260829,토요일,제주,4,15:00,1000,제5등급,일반,핸디캡,R1~20,2세이상,성별오픈,10,3,3108144,전설마루,제,3,거,68,14,56.5,003092,이성민,002026,고영덕,김창균,10500000
20260829,토요일,제주,4,15:00,1000,제5등급,일반,핸디캡,R1~20,2세이상,성별오픈,10,4,3103580,스트롱포스,제,5,거,68,16,57.5,003058,한영민,002032,김태준,조창규,10500000
20260829,토요일,제주,4,15:00,1000,제5등급,일반,핸디캡,R1~20,2세이상,성별오픈,10,5,3104139,대보,제,4,암,68,4,51.5,003095,박재희,002027,강대은,조종호,10500000
20260829,토요일,제주,4,15:00,1000,제5등급,일반,핸디캡,R1~20,2세이상,성별오픈,10,6,3104675,전국챔프,제,4,거,68,4,51.5,003075,원유일,002028,박병진,양용택,10500000
20260829,토요일,제주,4,15:00,1000,제5등급,일반,핸디캡,R1~20,2세이상,성별오픈,10,7,3107565,레드크라운,제,3,암,68,12,55.5,003087,임재광,002031,심도연,칼데라,10500000
20260829,토요일,제주,4,15:00,1000,제5등급,일반,핸디캡,R1~20,2세이상,성별오픈,10,8,3105298,여포장사,제,4,거,68,12,55.5,003070,전현준,002030,최기호,김창식,10500000
20260829,토요일,제주,4,15:00,1000,제5등급,일반,핸디캡,R1~20,2세이상,성별오픈,10,9,3107853,시종일관,제,3,거,68,5,52,003094,곽석,002042,김대연,강학민,10500000
20260829,토요일,제주,4,15:00,1000,제5등급,일반,핸디캡,R1~20,2세이상,성별오픈,10,10,3103597,서산히어로,제,5,암,68,18,58.5,003082,김홍권,002033,강영진,양동우,10500000
20260829,토요일,제주,5,15:50,1000,제4등급,일반,핸디캡,R21~40,2세이상,성별오픈,10,1,3105238,영웅킹,제,4,거,68,25,52,003070,전현준,002013,변용호,명가,13000000
20260829,토요일,제주,5,15:50,1000,제4등급,일반,핸디캡,R21~40,2세이상,성별오픈,10,2,3107614,사랑이,제,3,거,68,34,56.5,003087,임재광,002031,심도연,오치영,13000000
20260829,토요일,제주,5,15:50,1000,제4등급,일반,핸디캡,R21~40,2세이상,성별오픈,10,3,3103767,백록천주,제,5,암,68,29,54,003095,박재희,002028,박병진,고석희,13000000
20260829,토요일,제주,5,15:50,1000,제4등급,일반,핸디캡,R21~40,2세이상,성별오픈,10,4,3107542,황해바람,제,3,거,68,39,59,003081,김준호,002036,강태종,강기정,13000000
20260829,토요일,제주,5,15:50,1000,제4등급,일반,핸디캡,R21~40,2세이상,성별오픈,10,5,3019040,역발산,제,7,수,68,36,57.5,003089,박성광,002034,이태용,안평림,13000000
20260829,토요일,제주,5,15:50,1000,제4등급,일반,핸디캡,R21~40,2세이상,성별오픈,10,6,3103621,청마특급,제,5,거,68,30,54.5,003077,강수한,002023,한상배,차청일,13000000
20260829,토요일,제주,5,15:50,1000,제4등급,일반,핸디캡,R21~40,2세이상,성별오픈,10,7,3104309,장타공주,제,4,암,68,34,56.5,003094,곽석,002027,강대은,고임계,13000000
20260829,토요일,제주,5,15:50,1000,제4등급,일반,핸디캡,R21~40,2세이상,성별오픈,10,8,3107304,위하여,제,3,수,68,23,51,003073,김다영,002039,문성호,제주홀스,13000000
20260829,토요일,제주,5,15:50,1000,제4등급,일반,핸디캡,R21~40,2세이상,성별오픈,10,9,3107488,민강의힘,제,3,거,68,23,51,003080,문현진,002018,신경호,강인선,13000000
20260829,토요일,제주,5,15:50,1000,제4등급,일반,핸디캡,R21~40,2세이상,성별오픈,10,10,3103622,진검승부,제,5,거,68,28,53.5,003086,이동준,002039,문성호,김기준,13000000
20260829,토요일,제주,6,16:40,1110,제4등급,일반,핸디캡,R21~40,2세이상,성별오픈,10,1,3107612,소록열풍,제,3,암,68,24,52.5,003058,한영민,002032,김태준,조종호,13000000
20260829,토요일,제주,6,16:40,1110,제4등급,일반,핸디캡,R21~40,2세이상,성별오픈,10,2,3103748,질풍태양,제,5,수,68,26,53.5,003053,안득수,002027,강대은,김무현,13000000
20260829,토요일,제주,6,16:40,1110,제4등급,일반,핸디캡,R21~40,2세이상,성별오픈,10,3,3107312,무림통일,제,3,수,68,35,58,003080,문현진,002018,신경호,신상섭,13000000
20260829,토요일,제주,6,16:40,1110,제4등급,일반,핸디캡,R21~40,2세이상,성별오픈,10,4,3104135,명품최고,제,4,수,68,27,54,003081,김준호,002036,강태종,강영종,13000000
20260829,토요일,제주,6,16:40,1110,제4등급,일반,핸디캡,R21~40,2세이상,성별오픈,10,5,3104085,명품최강,제,4,거,68,24,52.5,003070,전현준,002029,이준호,강태민,13000000
20260829,토요일,제주,6,16:40,1110,제4등급,일반,핸디캡,R21~40,2세이상,성별오픈,10,6,3104682,지구용사,제,4,거,68,36,58.5,003077,강수한,002038,김길홍,한빛,13000000
20260829,토요일,제주,6,16:40,1110,제4등급,일반,핸디캡,R21~40,2세이상,성별오픈,10,7,3101660,바로고,제,6,암,68,21,51,003075,원유일,002018,신경호,강길자,13000000
20260829,토요일,제주,6,16:40,1110,제4등급,일반,핸디캡,R21~40,2세이상,성별오픈,10,8,3105277,지고지상,제,4,암,68,29,55,003089,박성광,002034,이태용,안평림,13000000
20260829,토요일,제주,6,16:40,1110,제4등급,일반,핸디캡,R21~40,2세이상,성별오픈,10,9,3107876,블루칸,제,3,거,68,23,52,003096,양민재,002013,변용호,윤은옥,13000000
20260829,토요일,제주,6,16:40,1110,제4등급,일반,핸디캡,R21~40,2세이상,성별오픈,10,10,3101746,설향,제,7,암,68,22,51.5,003061,곽용남,002021,윤덕상,김용래,13000000
20260829,토요일,제주,7,17:45,1200,제3등급,일반,핸디캡,R41~60,2세이상,성별오픈,10,1,3101520,수월용사,제,6,거,68,53,57,003089,박성광,002034,이태용,고재언,15500000
20260829,토요일,제주,7,17:45,1200,제3등급,일반,핸디캡,R41~60,2세이상,성별오픈,10,2,3103795,로한,제,5,거,68,56,58.5,003058,한영민,002032,김태준,웅진산업,15500000
20260829,토요일,제주,7,17:45,1200,제3등급,일반,핸디캡,R41~60,2세이상,성별오픈,10,3,3107607,백록챔프,제,3,암,68,49,55,003070,전현준,002028,박병진,돈마,15500000
20260829,토요일,제주,7,17:45,1200,제3등급,일반,핸디캡,R41~60,2세이상,성별오픈,10,4,3103690,청룡불빛,제,5,거,68,48,54.5,003081,김준호,002036,강태종,청룡,15500000
20260829,토요일,제주,7,17:45,1200,제3등급,일반,핸디캡,R41~60,2세이상,성별오픈,10,5,3017944,불빛최강,제,9,거,68,48,54.5,003082,김홍권,002033,강영진,조경수,15500000
20260829,토요일,제주,7,17:45,1200,제3등급,일반,핸디캡,R41~60,2세이상,성별오픈,10,6,3103770,일품가속,제,5,수,68,55,58,003087,임재광,002029,이준호,김경국,15500000
20260829,토요일,제주,7,17:45,1200,제3등급,일반,핸디캡,R41~60,2세이상,성별오픈,10,7,3104811,뉴저지,제,4,거,68,45,53,003092,이성민,002026,고영덕,최남단,15500000
20260829,토요일,제주,7,17:45,1200,제3등급,일반,핸디캡,R41~60,2세이상,성별오픈,10,8,3018522,명가의힘,제,8,수,68,47,54,003044,정명일,002023,한상배,송자민,15500000
20260829,토요일,제주,7,17:45,1200,제3등급,일반,핸디캡,R41~60,2세이상,성별오픈,10,9,3102279,찬스강,제,6,거,68,41,51,003080,문현진,002029,이준호,김태옥,15500000
20260829,토요일,제주,7,17:45,1200,제3등급,일반,핸디캡,R41~60,2세이상,성별오픈,10,10,3103695,봉천수,제,5,수,68,53,57,003077,강수한,002038,김길홍,강춘시,15500000
20260830,일요일,부산경남,1,11:25,1800,혼4등급,일반,핸디캡,R0~50,연령오픈,성별오픈,11,1,0046518,디먼스파이,미국,7,거,65,40,53,080401,김동영,070263,양영남,박희준,33000000
20260830,일요일,부산경남,1,11:25,1800,혼4등급,일반,핸디캡,R0~50,연령오픈,성별오픈,11,2,0053960,오아시스아델,한국,3,수,65,38,52.5,080605,서강주,070130,백광열,이종훈,33000000
20260830,일요일,부산경남,1,11:25,1800,혼4등급,일반,핸디캡,R0~50,연령오픈,성별오픈,11,3,0056575,두둥,미국,4,수,65,49,57.5,080580,전진구,070292,김혜선,민병욱,33000000
20260830,일요일,부산경남,1,11:25,1800,혼4등급,일반,핸디캡,R0~50,연령오픈,성별오픈,11,4,0044191,은성영웅,한국,7,수,65,48,57,080532,채상현,070133,윤영훈,이계옥,33000000
20260830,일요일,부산경남,1,11:25,1800,혼4등급,일반,핸디캡,R0~50,연령오픈,성별오픈,11,5,0053895,글로벌프린스,한국,3,수,65,42,54,080551,진겸,070141,이상영,김준현,33000000
20260830,일요일,부산경남,1,11:25,1800,혼4등급,일반,핸디캡,R0~50,연령오픈,성별오픈,11,6,1412179,브라운팰컨,한국,5,암,65,43,52.5,080565,정도윤,070128,임금만,류주영,33000000
20260830,일요일,부산경남,1,11:25,1800,혼4등급,일반,핸디캡,R0~50,연령오픈,성별오픈,11,7,0051547,레이스마린,한국,4,거,65,40,53,080421,송경윤,070223,강은석,이경희,33000000
20260830,일요일,부산경남,1,11:25,1800,혼4등급,일반,핸디캡,R0~50,연령오픈,성별오픈,11,8,0047410,네버스톱희망,한국,5,거,65,37,52.5,080568,다실바,070137,조용배,김무현,33000000
20260830,일요일,부산경남,1,11:25,1800,혼4등급,일반,핸디캡,R0~50,연령오픈,성별오픈,11,9,0060856,게인더서밋,호주,3,수,65,38,52.5,080423,최시대,070128,임금만,신우철,33000000
20260830,일요일,부산경남,1,11:25,1800,혼4등급,일반,핸디캡,R0~50,연령오픈,성별오픈,11,10,0054544,퀸야라,미국,5,암,65,39,52.5,080438,조인권,070129,최기홍,최상일,33000000
20260830,일요일,부산경남,1,11:25,1800,혼4등급,일반,핸디캡,R0~50,연령오픈,성별오픈,11,11,0050674,서울드래곤,한국,4,수,65,36,52.5,080431,이성재,070186,라이스,(주)메타플렉스,33000000
20260830,일요일,부산경남,2,12:45,1200,국6등급,일반,별정A,R0~0,2세,성별오픈,11,1,0055720,용비엑스,한국,2,수,66,0,51.5,080620,(-3)손경민,070134,강형곤,정성진,24750000
20260830,일요일,부산경남,2,12:45,1200,국6등급,일반,별정A,R0~0,2세,성별오픈,11,2,0056823,빅토리챔프,한국,2,수,66,-,54.5,080551,진겸,070136,민장기,이종훈,24750000
20260830,일요일,부산경남,2,12:45,1200,국6등급,일반,별정A,R0~0,2세,성별오픈,11,3,0055706,히트더러닝,한국,2,수,66,0,54.5,080566,최은경,070142,방동석,김준현,24750000
20260830,일요일,부산경남,2,12:45,1200,국6등급,일반,별정A,R0~0,2세,성별오픈,11,4,0055977,선더크러시,한국,2,수,66,0,54.5,080516,다나카,070186,라이스,안슬민,24750000
20260830,일요일,부산경남,2,12:45,1200,국6등급,일반,별정A,R0~0,2세,성별오픈,11,5,0055828,운주러너,한국,2,수,66,0,54.5,080568,다실바,070086,권승주,부수선,24750000
20260830,일요일,부산경남,2,12:45,1200,국6등급,일반,별정A,R0~0,2세,성별오픈,11,6,0055826,다날다,한국,2,암,66,0,52.5,080431,이성재,070250,김도현,이종석,24750000
20260830,일요일,부산경남,2,12:45,1200,국6등급,일반,별정A,R0~0,2세,성별오픈,11,7,0057766,트리플강자,한국,2,수,66,0,54.5,080423,최시대,070136,민장기,신영미,24750000
20260830,일요일,부산경남,2,12:45,1200,국6등급,일반,별정A,R0~0,2세,성별오픈,11,8,0056073,대성스카이,한국,2,수,66,-,54.5,080484,서승운,070173,구민성,청솔,24750000
20260830,일요일,부산경남,2,12:45,1200,국6등급,일반,별정A,R0~0,2세,성별오픈,11,9,0055995,골든클로버,한국,2,수,66,-,54.5,080605,서강주,070250,김도현,김용래,24750000
20260830,일요일,부산경남,2,12:45,1200,국6등급,일반,별정A,R0~0,2세,성별오픈,11,10,0055633,미스터선샤인,한국,2,수,66,0,54.5,080438,조인권,070141,이상영,김은태,24750000
20260830,일요일,부산경남,2,12:45,1200,국6등급,일반,별정A,R0~0,2세,성별오픈,11,11,0055617,판타스틱호프,한국,2,수,66,-,54.5,080546,박재이,070302,손병철,무지개렌트카,24750000
20260830,일요일,부산경남,3,13:35,1300,국6등급,일반,별정A,R0~0,연령오픈,암,11,1,0053854,블루트리,한국,3,암,66,-,54,080546,박재이,070302,손병철,김지열,24750000
20260830,일요일,부산경남,3,13:35,1300,국6등급,일반,별정A,R0~0,연령오픈,암,11,2,0052898,헤이콰드라스,한국(포),3,암,66,0,54,080580,전진구,070263,양영남,박병현,24750000
20260830,일요일,부산경남,3,13:35,1300,국6등급,일반,별정A,R0~0,연령오픈,암,11,3,0054162,골드아치,한국,3,암,66,0,52,080610,(-2)이홍락,070134,강형곤,강영종,24750000
20260830,일요일,부산경남,3,13:35,1300,국6등급,일반,별정A,R0~0,연령오픈,암,11,4,0053925,버터크래시,한국,3,암,66,0,54,080401,김동영,070143,하무선,청솔,24750000
20260830,일요일,부산경남,3,13:35,1300,국6등급,일반,별정A,R0~0,연령오픈,암,11,5,0053040,글레디모어,한국,3,암,66,0,54,080606,신윤섭,070173,구민성,허정완,24750000
20260830,일요일,부산경남,3,13:35,1300,국6등급,일반,별정A,R0~0,연령오픈,암,11,6,0053144,서귀클래스,한국,3,암,66,0,54,080403,김어수,070133,윤영훈,서귀포시축협,24750000
20260830,일요일,부산경남,3,13:35,1300,국6등급,일반,별정A,R0~0,연령오픈,암,11,7,0054325,이글마인,한국,3,암,66,0,54,080122,신형철,070137,조용배,김근영,24750000
20260830,일요일,부산경남,3,13:35,1300,국6등급,일반,별정A,R0~0,연령오픈,암,11,8,0053003,월드빅스캣,한국,3,암,66,-,54,080566,최은경,070142,방동석,윤지중,24750000
20260830,일요일,부산경남,3,13:35,1300,국6등급,일반,별정A,R0~0,연령오픈,암,11,9,0055646,루비공주,한국,2,암,66,0,52.5,080423,최시대,070173,구민성,그열정그대로,24750000
20260830,일요일,부산경남,3,13:35,1300,국6등급,일반,별정A,R0~0,연령오픈,암,11,10,0054582,금빛스프링,한국,3,암,66,0,54,080438,조인권,070137,조용배,김무현,24750000
20260830,일요일,부산경남,3,13:35,1300,국6등급,일반,별정A,R0~0,연령오픈,암,11,11,0053630,인피니트위너,한국,3,암,66,-,54,080568,다실바,070176,구영준,신우철,24750000
20260830,일요일,부산경남,4,14:25,1300,국5등급,일반,핸디캡,R1~35,연령오픈,암,11,1,0052501,닥터매터스,한국,4,암,66,35,56.5,080516,다나카,070226,박재호,권혁희,24750000
20260830,일요일,부산경남,4,14:25,1300,국5등급,일반,핸디캡,R1~35,연령오픈,암,11,2,0054168,백투더드림,한국,3,암,66,29,53.5,080484,서승운,070302,손병철,무지개렌트카,24750000
20260830,일요일,부산경남,4,14:25,1300,국5등급,일반,핸디캡,R1~35,연령오픈,암,11,3,0056056,글로벌히로인,한국,4,암,66,27,52.5,080568,다실바,070137,조용배,차청일,24750000
20260830,일요일,부산경남,4,14:25,1300,국5등급,일반,핸디캡,R1~35,연령오픈,암,11,4,0054240,태양의열정,한국,3,암,66,28,53,080565,정도윤,070128,임금만,최원길,24750000
20260830,일요일,부산경남,4,14:25,1300,국5등급,일반,핸디캡,R1~35,연령오픈,암,11,5,0050814,짝사랑,한국,4,암,66,30,54,080532,채상현,070226,박재호,페가수스,24750000
20260830,일요일,부산경남,4,14:25,1300,국5등급,일반,핸디캡,R1~35,연령오픈,암,11,6,0045757,벨로시랩터,한국,6,암,66,23,51,080612,(-1)김성현,070129,최기홍,이경희,24750000
20260830,일요일,부산경남,4,14:25,1300,국5등급,일반,핸디캡,R1~35,연령오픈,암,11,7,0051596,월드트리플캣,한국,4,암,66,25,52.5,080431,이성재,070142,방동석,윤지중,24750000
20260830,일요일,부산경남,4,14:25,1300,국5등급,일반,핸디캡,R1~35,연령오픈,암,11,8,0051894,미주리챔프,한국,4,암,66,27,52.5,080605,서강주,070086,권승주,백용덕,24750000
20260830,일요일,부산경남,4,14:25,1300,국5등급,일반,핸디캡,R1~35,연령오픈,암,11,9,0053274,그레이트파워,한국,3,암,66,30,54,080421,송경윤,070129,최기홍,양정두,24750000
20260830,일요일,부산경남,4,14:25,1300,국5등급,일반,핸디캡,R1~35,연령오픈,암,11,10,0051940,퓨어마린,한국,4,암,66,29,53.5,080566,최은경,070263,양영남,이경희,24750000
20260830,일요일,부산경남,4,14:25,1300,국5등급,일반,핸디캡,R1~35,연령오픈,암,11,11,0054583,두바이캔디,한국,3,암,66,26,52.5,080423,최시대,070251,임성실,빅크루즈,24750000
20260830,일요일,부산경남,5,15:15,1600,국5등급,일반,핸디캡,R1~35,연령오픈,성별오픈,11,1,0052092,브리도아레나,한국,4,암,66,34,56,080403,김어수,070180,안우성,조수영,24750000
20260830,일요일,부산경남,5,15:15,1600,국5등급,일반,핸디캡,R1~35,연령오픈,성별오픈,11,2,0047409,돌아온삼손,한국,5,거,66,26,54,080484,서승운,070133,윤영훈,송정아,24750000
20260830,일요일,부산경남,5,15:15,1600,국5등급,일반,핸디캡,R1~35,연령오픈,성별오픈,11,3,0045858,스토미데이,한국,6,수,66,24,53,080431,이성재,070134,강형곤,김재윤,24750000
20260830,일요일,부산경남,5,15:15,1600,국5등급,일반,핸디캡,R1~35,연령오픈,성별오픈,11,4,0047401,벌교사랑,한국,5,거,66,23,52.5,080122,신형철,070137,조용배,유성훈,24750000
20260830,일요일,부산경남,5,15:15,1600,국5등급,일반,핸디캡,R1~35,연령오픈,성별오픈,11,5,0051700,매직쇼,한국,4,암,66,30,54,080551,진겸,070141,이상영,전주동,24750000
20260830,일요일,부산경남,5,15:15,1600,국5등급,일반,핸디캡,R1~35,연령오픈,성별오픈,11,6,0053571,보령더퀸,한국,3,암,66,30,54,080401,김동영,070128,임금만,최원길,24750000
20260830,일요일,부산경남,5,15:15,1600,국5등급,일반,핸디캡,R1~35,연령오픈,성별오픈,11,7,0051312,벌교마법사,한국,4,수,66,27,54.5,080606,신윤섭,070251,임성실,유성훈,24750000
20260830,일요일,부산경남,5,15:15,1600,국5등급,일반,핸디캡,R1~35,연령오픈,성별오픈,11,8,0053141,킹블랙,한국,3,거,66,31,56.5,080568,다실바,070194,토마스,김호영,24750000
20260830,일요일,부산경남,5,15:15,1600,국5등급,일반,핸디캡,R1~35,연령오픈,성별오픈,11,9,0052571,섬싱엘스,한국,4,수,66,27,54.5,080546,박재이,070302,손병철,민병욱,24750000
20260830,일요일,부산경남,5,15:15,1600,국5등급,일반,핸디캡,R1~35,연령오픈,성별오픈,11,10,0051053,최강루이스,한국,4,거,66,26,54,080438,조인권,070134,강형곤,전종섭,24750000
20260830,일요일,부산경남,5,15:15,1600,국5등급,일반,핸디캡,R1~35,연령오픈,성별오픈,11,11,0046906,상임스타,한국,5,암,66,33,55.5,080580,전진구,070129,최기홍,이시환,24750000
20260830,일요일,부산경남,6,16:05,1800,혼3등급,일반,핸디캡,R1~65,연령오픈,성별오픈,11,1,0046789,영광의프린스,한국,5,거,66,59,55,080122,신형철,070194,토마스,변창덕,41250000
20260830,일요일,부산경남,6,16:05,1800,혼3등급,일반,핸디캡,R1~65,연령오픈,성별오픈,11,2,0050975,플라잉더칸,한국,4,수,66,53,52.5,080566,최은경,070180,안우성,김형순,41250000
20260830,일요일,부산경남,6,16:05,1800,혼3등급,일반,핸디캡,R1~65,연령오픈,성별오픈,11,3,0051115,에어시티,한국,4,거,66,52,52.5,080565,정도윤,070137,조용배,김근영,41250000
20260830,일요일,부산경남,6,16:05,1800,혼3등급,일반,핸디캡,R1~65,연령오픈,성별오픈,11,4,0053357,대성골드,한국,3,수,66,58,54.5,080551,진겸,070173,구민성,청솔,41250000
20260830,일요일,부산경남,6,16:05,1800,혼3등급,일반,핸디캡,R1~65,연령오픈,성별오픈,11,5,0051632,앤버니,한국,4,암,66,51,52.5,080532,채상현,070226,박재호,페가수스,41250000
20260830,일요일,부산경남,6,16:05,1800,혼3등급,일반,핸디캡,R1~65,연령오픈,성별오픈,11,6,0047412,국대스타,한국,5,수,66,57,54,080431,이성재,070186,라이스,정영광,41250000
20260830,일요일,부산경남,6,16:05,1800,혼3등급,일반,핸디캡,R1~65,연령오픈,성별오픈,11,7,0051827,위너스루키,한국,4,암,66,55,52.5,080421,송경윤,070136,민장기,김종업,41250000
20260830,일요일,부산경남,6,16:05,1800,혼3등급,일반,핸디캡,R1~65,연령오픈,성별오픈,11,8,0051082,탄탄대로,한국,4,거,66,53,52.5,080580,전진구,070137,조용배,그열정그대로,41250000
20260830,일요일,부산경남,6,16:05,1800,혼3등급,일반,핸디캡,R1~65,연령오픈,성별오픈,11,9,0047194,스텔스모드,한국,5,거,66,53,52.5,080568,다실바,070186,라이스,페가수스,41250000
20260830,일요일,부산경남,6,16:05,1800,혼3등급,일반,핸디캡,R1~65,연령오픈,성별오픈,11,10,0060357,센세이셔널윈,미국,3,수,66,59,55,080546,박재이,070302,손병철,김혜진,41250000
20260830,일요일,부산경남,6,16:05,1800,혼3등급,일반,핸디캡,R1~65,연령오픈,성별오픈,11,11,0054743,원대한꿈,미국,4,거,66,65,58,080516,다나카,070173,구민성,홍경표,41250000
20260830,일요일,부산경남,7,16:55,1400,2등급,일반,핸디캡,R1~80,연령오픈,성별오픈,11,1,0051310,원더풀존스,한국,4,수,66,72,57.5,080431,이성재,070194,토마스,지성배,49500000
20260830,일요일,부산경남,7,16:55,1400,2등급,일반,핸디캡,R1~80,연령오픈,성별오픈,11,2,0046913,글로벌태양,한국,5,암,66,74,56.5,080565,정도윤,070142,방동석,이동훈,49500000
20260830,일요일,부산경남,7,16:55,1400,2등급,일반,핸디캡,R1~80,연령오픈,성별오픈,11,3,0043670,윈드위너,한국,7,거,66,71,57,080516,다나카,070141,이상영,곽희원,49500000
20260830,일요일,부산경남,7,16:55,1400,2등급,일반,핸디캡,R1~80,연령오픈,성별오픈,11,4,0046172,마가리타,한국,6,암,66,74,53.5,080620,(-3)손경민,070194,토마스,제임스윗펠드,49500000
20260830,일요일,부산경남,7,16:55,1400,2등급,일반,핸디캡,R1~80,연령오픈,성별오픈,11,5,0053441,트윈레인보우,한국,3,암,66,69,54,080568,다실바,070186,라이스,최병부,49500000
20260830,일요일,부산경남,7,16:55,1400,2등급,일반,핸디캡,R1~80,연령오픈,성별오픈,11,6,0051604,월드리스트캣,한국,4,암,66,72,55.5,080546,박재이,070142,방동석,윤지중,49500000
20260830,일요일,부산경남,7,16:55,1400,2등급,일반,핸디캡,R1~80,연령오픈,성별오픈,11,7,0053846,카탈리나마린,미국,5,거,66,73,58,080421,송경윤,070129,최기홍,이경희,49500000
20260830,일요일,부산경남,7,16:55,1400,2등급,일반,핸디캡,R1~80,연령오픈,성별오픈,11,8,0051457,벌마킹,한국,4,수,66,74,58.5,080423,최시대,070130,백광열,이장현,49500000
20260830,일요일,부산경남,7,16:55,1400,2등급,일반,핸디캡,R1~80,연령오픈,성별오픈,11,9,0051189,드래곤닌자,한국,4,거,66,71,57,080551,진겸,070249,문현철,(주)메타플렉스,49500000
20260830,일요일,부산경남,7,16:55,1400,2등급,일반,핸디캡,R1~80,연령오픈,성별오픈,11,10,0052903,금아어뎁트,한국(포),3,수,66,67,55,080484,서승운,070141,이상영,금아산업(주),49500000
20260830,일요일,부산경남,7,16:55,1400,2등급,일반,핸디캡,R1~80,연령오픈,성별오픈,11,11,1412043,희망가람,한국,5,수,66,69,56,080532,채상현,070176,구영준,최종하,49500000
20260830,일요일,서울,1,10:35,1400,국6등급,일반,별정A,R0~0,2세,성별오픈,10,1,0055980,에코볼트,한국,2,수,68,0,54.5,080624,루이스,070248,함완식,이종원,24750000
20260830,일요일,서울,1,10:35,1400,국6등급,일반,별정A,R0~0,2세,성별오픈,10,2,0055491,걸작번개,한국,2,수,68,0,54.5,080578,김효정,070293,정하백,박덕희,24750000
20260830,일요일,서울,1,10:35,1400,국6등급,일반,별정A,R0~0,2세,성별오픈,10,3,0055497,통쾌한승자,한국,2,수,68,0,54.5,080617,코지,070265,토니,김영선,24750000
20260830,일요일,서울,1,10:35,1400,국6등급,일반,별정A,R0~0,2세,성별오픈,10,4,0055718,용비신성,한국,2,수,68,0,54.5,080417,유승완,070300,백종수,정성진,24750000
20260830,일요일,서울,1,10:35,1400,국6등급,일반,별정A,R0~0,2세,성별오픈,10,5,0056247,레전드몬스터,한국,2,수,68,0,54.5,080611,푸르칸,070146,안병기,환상마,24750000
20260830,일요일,서울,1,10:35,1400,국6등급,일반,별정A,R0~0,2세,성별오픈,10,6,0055356,명파워풀,한국,2,수,68,0,54.5,080582,빅투아르,070225,문병기,(주)자성실업,24750000
20260830,일요일,서울,1,10:35,1400,국6등급,일반,별정A,R0~0,2세,성별오픈,10,7,0055468,플라잉드림,한국,2,수,68,0,53.5,080621,(-1)우인철,070197,이준철,김형순,24750000
20260830,일요일,서울,1,10:35,1400,국6등급,일반,별정A,R0~0,2세,성별오픈,10,8,0056087,골드엑스,한국,2,수,68,0,54.5,080473,김정준,070166,심승태,이종욱,24750000
20260830,일요일,서울,1,10:35,1400,국6등급,일반,별정A,R0~0,2세,성별오픈,10,9,0056780,카레이칸,한국,2,수,68,0,54.5,080512,김태훈,070165,서인석,전은영,24750000
20260830,일요일,서울,1,10:35,1400,국6등급,일반,별정A,R0~0,2세,성별오픈,10,10,0055301,뉴발삭스,한국,2,수,68,0,54.5,080550,조재로,070181,이관호,김창식,24750000
20260830,일요일,서울,2,11:00,1300,국6등급,일반,별정A,R0~0,연령오픈,성별오픈,11,1,0053317,벌교시그니처,한국,3,수,68,0,56,080602,임다빈,070306,홍윤화,유성훈,16500000
20260830,일요일,서울,2,11:00,1300,국6등급,일반,별정A,R0~0,연령오픈,성별오픈,11,2,0053128,맥스맨,한국,3,수,68,0,56,080599,김태현,070164,박재우,김세권,16500000
20260830,일요일,서울,2,11:00,1300,국6등급,일반,별정A,R0~0,연령오픈,성별오픈,11,3,0053879,마스크걸,한국,3,암,68,0,54,080476,장추열,070225,문병기,김진태a,16500000
20260830,일요일,서울,2,11:00,1300,국6등급,일반,별정A,R0~0,연령오픈,성별오픈,11,4,0051297,엔젤타임,한국,4,암,68,0,54,080578,김효정,070179,송문길,박민지,16500000
20260830,일요일,서울,2,11:00,1300,국6등급,일반,별정A,R0~0,연령오픈,성별오픈,11,5,0053896,다이내믹포스,한국,3,수,68,0,56,080530,정정희,070244,리카디,이일형,16500000
20260830,일요일,서울,2,11:00,1300,국6등급,일반,별정A,R0~0,연령오픈,성별오픈,11,6,0051381,그레이팬텀,한국,4,암,68,0,54,080608,오수철,070247,이동국,김길중,16500000
20260830,일요일,서울,2,11:00,1300,국6등급,일반,별정A,R0~0,연령오픈,성별오픈,11,7,0047428,크리솔포시,한국,5,암,68,0,54,080617,코지,070182,전승규,요시다가츠미,16500000
20260830,일요일,서울,2,11:00,1300,국6등급,일반,별정A,R0~0,연령오픈,성별오픈,11,8,0052795,파워풀돈,한국,3,암,68,-,54,080512,김태훈,070248,함완식,지대섭,16500000
20260830,일요일,서울,2,11:00,1300,국6등급,일반,별정A,R0~0,연령오픈,성별오픈,11,9,0053817,거센함성,한국,3,수,68,0,56,080486,이혁,070167,이신우,강석대,16500000
20260830,일요일,서울,2,11:00,1300,국6등급,일반,별정A,R0~0,연령오픈,성별오픈,11,10,0057583,제주프린세스,한국,3,암,68,0,54,080624,루이스,070096,서범석,무라카미켄세이,16500000
20260830,일요일,서울,2,11:00,1300,국6등급,일반,별정A,R0~0,연령오픈,성별오픈,11,11,0053262,골든워리어,한국,3,암,68,0,54,080550,조재로,070165,서인석,홍상기,16500000
20260830,일요일,서울,3,12:05,1800,국5등급,일반,핸디캡,R1~35,연령오픈,성별오픈,10,1,0052135,카라케이,한국,4,암,68,26,52.5,080473,김정준,070179,송문길,강경운,24750000
20260830,일요일,서울,3,12:05,1800,국5등급,일반,핸디캡,R1~35,연령오픈,성별오픈,10,2,0053875,클럽맨,한국,3,수,68,29,54,080602,임다빈,070096,서범석,최홍일,24750000
20260830,일요일,서울,3,12:05,1800,국5등급,일반,핸디캡,R1~35,연령오픈,성별오픈,10,3,0060715,클로버톱,미국,3,거,68,32,55.5,080512,김태훈,070182,전승규,박철근,24750000
20260830,일요일,서울,3,12:05,1800,국5등급,일반,핸디캡,R1~35,연령오픈,성별오픈,10,4,0052143,럭키서니,한국,4,수,68,25,52,080599,김태현,070164,박재우,럭키팜,24750000
20260830,일요일,서울,3,12:05,1800,국5등급,일반,핸디캡,R1~35,연령오픈,성별오픈,10,5,0047175,포에틱누비,한국,5,암,68,23,52.5,080578,김효정,070165,서인석,천병득,24750000
20260830,일요일,서울,3,12:05,1800,국5등급,일반,핸디캡,R1~35,연령오픈,성별오픈,10,6,0053543,서브미션,한국,3,거,68,28,53.5,080476,장추열,070305,차우호,말사모,24750000
20260830,일요일,서울,3,12:05,1800,국5등급,일반,핸디캡,R1~35,연령오픈,성별오픈,10,7,0060360,최고벨트,미국,3,거,68,34,56.5,080530,정정희,070244,리카디,이강운,24750000
20260830,일요일,서울,3,12:05,1800,국5등급,일반,핸디캡,R1~35,연령오픈,성별오픈,10,8,0051463,호명퀸,한국,5,암,68,35,51,080622,(-4)조성환,070247,이동국,양일추,24750000
20260830,일요일,서울,3,12:05,1800,국5등급,일반,핸디캡,R1~35,연령오픈,성별오픈,10,9,0054584,럭키조이,한국,3,거,68,32,55.5,080487,임기원,070164,박재우,럭키팜,24750000
20260830,일요일,서울,3,12:05,1800,국5등급,일반,핸디캡,R1~35,연령오픈,성별오픈,10,10,0053550,크리솔스텝,한국,3,수,68,27,53,080417,유승완,070146,안병기,요시다가츠미,24750000
20260830,일요일,서울,4,13:10,1300,국5등급,일반,핸디캡,R1~35,연령오픈,암,10,1,0053902,성실위너,한국,3,암,68,28,53,080599,김태현,070166,심승태,이동훈,24750000
20260830,일요일,서울,4,13:10,1300,국5등급,일반,핸디캡,R1~35,연령오픈,암,10,2,0052817,카우보이삭스,한국,3,암,68,29,53.5,080616,마이아,070167,이신우,김창식,24750000
20260830,일요일,서울,4,13:10,1300,국5등급,일반,핸디캡,R1~35,연령오픈,암,10,3,0046686,제라퀸,한국,5,암,68,35,56.5,080611,푸르칸,070177,김동철,하늬바람,24750000
20260830,일요일,서울,4,13:10,1300,국5등급,일반,핸디캡,R1~35,연령오픈,암,10,4,0050296,행복여전사,한국,5,암,68,23,52.5,080486,이혁,070306,홍윤화,허도행,24750000
20260830,일요일,서울,4,13:10,1300,국5등급,일반,핸디캡,R1~35,연령오픈,암,10,5,0053723,무한아르고,미국,5,암,68,32,55,080603,김태희,070200,최용건,우태율,24750000
20260830,일요일,서울,4,13:10,1300,국5등급,일반,핸디캡,R1~35,연령오픈,암,10,6,0046648,스페셜포스,한국,5,암,68,23,52.5,080533,조상범,070198,임채덕,이상진,24750000
20260830,일요일,서울,4,13:10,1300,국5등급,일반,핸디캡,R1~35,연령오픈,암,10,7,0051948,럭키데이,한국,4,암,68,34,52,080622,(-4)조성환,070265,토니,페가수스,24750000
20260830,일요일,서울,4,13:10,1300,국5등급,일반,핸디캡,R1~35,연령오픈,암,10,8,0053970,학산위너,한국,3,암,68,29,53.5,080405,김용근,070290,문세영,황봉기,24750000
20260830,일요일,서울,4,13:10,1300,국5등급,일반,핸디캡,R1~35,연령오픈,암,10,9,0051750,빛의순간,한국,5,암,68,27,52.5,080578,김효정,070165,서인석,홍상기,24750000
20260830,일요일,서울,4,13:10,1300,국5등급,일반,핸디캡,R1~35,연령오픈,암,10,10,0052978,대비마마,한국,3,암,68,29,53.5,080617,코지,070293,정하백,우태율,24750000
20260830,일요일,서울,5,14:00,1400,국5등급,일반,핸디캡,R1~35,연령오픈,성별오픈,11,1,0052960,하남레이저,한국,3,암,68,25,51,080621,(-1)우인철,070170,김동균,송한우,24750000
20260830,일요일,서울,5,14:00,1400,국5등급,일반,핸디캡,R1~35,연령오픈,성별오픈,11,2,0054222,베스트프리덤,한국,3,수,68,29,54,080616,마이아,070164,박재우,박민지,24750000
20260830,일요일,서울,5,14:00,1400,국5등급,일반,핸디캡,R1~35,연령오픈,성별오픈,11,3,0050739,그랜드파크,한국,4,수,68,23,52.5,080487,임기원,070305,차우호,(주)디알엠씨티,24750000
20260830,일요일,서울,5,14:00,1400,국5등급,일반,핸디캡,R1~35,연령오픈,성별오픈,11,4,0053215,러버맨,한국,3,수,68,35,57,080476,장추열,070181,이관호,박민규,24750000
20260830,일요일,서울,5,14:00,1400,국5등급,일반,핸디캡,R1~35,연령오픈,성별오픈,11,5,1412351,불국시대,한국,5,암,68,24,52.5,080582,빅투아르,070247,이동국,퍼플라인,24750000
20260830,일요일,서울,5,14:00,1400,국5등급,일반,핸디캡,R1~35,연령오픈,성별오픈,11,6,0053690,스터닝스킷,한국,3,거,68,25,52.5,080624,루이스,070170,김동균,박정배,24750000
20260830,일요일,서울,5,14:00,1400,국5등급,일반,핸디캡,R1~35,연령오픈,성별오픈,11,7,0051153,베스트조이,한국,4,거,68,33,56,080513,송재철,070175,강환민,베스트샤인조합,24750000
20260830,일요일,서울,5,14:00,1400,국5등급,일반,핸디캡,R1~35,연령오픈,성별오픈,11,8,0052994,코스모찐,한국,3,암,68,28,52.5,080512,김태훈,070165,서인석,유수현,24750000
20260830,일요일,서울,5,14:00,1400,국5등급,일반,핸디캡,R1~35,연령오픈,성별오픈,11,9,0051331,알파피메일,한국,4,암,68,27,52.5,080602,임다빈,070247,이동국,(주)쎄쎄쎄,24750000
20260830,일요일,서울,5,14:00,1400,국5등급,일반,핸디캡,R1~35,연령오픈,성별오픈,11,10,0051538,캡틴라이즈,한국,4,수,68,29,54,080533,조상범,070166,심승태,박정재,24750000
20260830,일요일,서울,5,14:00,1400,국5등급,일반,핸디캡,R1~35,연령오픈,성별오픈,11,11,0053978,라비타,한국,3,암,68,29,52.5,080361,최범현,070264,박지헌,죽마조합,24750000
20260830,일요일,서울,6,14:50,1800,혼4등급,일반,핸디캡,R0~50,연령오픈,성별오픈,9,1,0053486,파이브스타,한국,3,수,68,37,52,080487,임기원,070248,함완식,변갑한,33000000
20260830,일요일,서울,6,14:50,1800,혼4등급,일반,핸디캡,R0~50,연령오픈,성별오픈,9,2,0047314,인피니트아너,한국,5,거,68,41,54,080486,이혁,070174,강성오,김중길,33000000
20260830,일요일,서울,6,14:50,1800,혼4등급,일반,핸디캡,R0~50,연령오픈,성별오픈,9,3,0051315,벌교그래미,한국,4,암,68,43,53,080578,김효정,070306,홍윤화,유성훈,33000000
20260830,일요일,서울,6,14:50,1800,혼4등급,일반,핸디캡,R0~50,연령오픈,성별오픈,9,4,0051689,청산질주,한국,4,수,68,47,57,080476,장추열,070181,이관호,황은호,33000000
20260830,일요일,서울,6,14:50,1800,혼4등급,일반,핸디캡,R0~50,연령오픈,성별오픈,9,5,0053540,더엑설런트,한국,3,수,68,44,55.5,080550,조재로,070165,서인석,박준배,33000000
20260830,일요일,서울,6,14:50,1800,혼4등급,일반,핸디캡,R0~50,연령오픈,성별오픈,9,6,0050867,하늘감동,한국,4,거,68,36,52.5,080417,유승완,070170,김동균,허도행,33000000
20260830,일요일,서울,6,14:50,1800,혼4등급,일반,핸디캡,R0~50,연령오픈,성별오픈,9,7,0052999,무적함대,한국,3,수,68,45,56,080611,푸르칸,070167,이신우,곽승종,33000000
20260830,일요일,서울,6,14:50,1800,혼4등급,일반,핸디캡,R0~50,연령오픈,성별오픈,9,8,0045289,퍼플신화,한국,6,거,68,41,54,080603,김태희,070117,박윤규,퍼플라인,33000000
20260830,일요일,서울,6,14:50,1800,혼4등급,일반,핸디캡,R0~50,연령오픈,성별오픈,9,9,0060709,파사스파크,미국,3,암,68,50,56.5,080512,김태훈,070160,서홍수,황현,33000000
20260830,일요일,서울,7,15:40,1700,국4등급,일반,핸디캡,R1~50,연령오픈,성별오픈,11,1,0055360,새내파이터,한국,3,수,68,49,57,080562,이동하,070290,문세영,문금철,33000000
20260830,일요일,서울,7,15:40,1700,국4등급,일반,핸디캡,R1~50,연령오픈,성별오픈,11,2,0044526,원평코드,한국,7,거,68,46,51.5,080622,(-4)조성환,070163,박병일,김용재,33000000
20260830,일요일,서울,7,15:40,1700,국4등급,일반,핸디캡,R1~50,연령오픈,성별오픈,11,3,0051936,미스터스톰,한국,4,수,68,38,52.5,080473,김정준,070166,심승태,이종욱,33000000
20260830,일요일,서울,7,15:40,1700,국4등급,일반,핸디캡,R1~50,연령오픈,성별오픈,11,4,0045700,강철전사,한국,6,수,68,36,51,080621,(-1)우인철,070170,김동균,허도행,33000000
20260830,일요일,서울,7,15:40,1700,국4등급,일반,핸디캡,R1~50,연령오픈,성별오픈,11,5,0051259,금아포모스트,한국,4,거,68,41,53,080550,조재로,070181,이관호,금아산업(주),33000000
20260830,일요일,서울,7,15:40,1700,국4등급,일반,핸디캡,R1~50,연령오픈,성별오픈,11,6,0051929,혁무상,한국,4,수,68,48,56.5,080624,루이스,070248,함완식,씨유네트워크,33000000
20260830,일요일,서울,7,15:40,1700,국4등급,일반,핸디캡,R1~50,연령오픈,성별오픈,11,7,0051794,아쿠아라인,한국,4,수,68,47,56,080616,마이아,070096,서범석,미즈타니 마사테루,33000000
20260830,일요일,서울,7,15:40,1700,국4등급,일반,핸디캡,R1~50,연령오픈,성별오픈,11,8,0053348,플라잉아너,한국,3,거,68,46,55.5,080582,빅투아르,070197,이준철,김형순,33000000
20260830,일요일,서울,7,15:40,1700,국4등급,일반,핸디캡,R1~50,연령오픈,성별오픈,11,9,0051888,아모스천하,한국,4,거,68,37,52.5,080100,김옥성,070200,최용건,홍애란,33000000
20260830,일요일,서울,7,15:40,1700,국4등급,일반,핸디캡,R1~50,연령오픈,성별오픈,11,10,0053365,제이디강자,한국,3,수,68,48,56.5,080602,임다빈,070198,임채덕,이월희,33000000
20260830,일요일,서울,7,15:40,1700,국4등급,일반,핸디캡,R1~50,연령오픈,성별오픈,11,11,0046885,블러드마운틴,한국,5,수,68,45,55,080417,유승완,070300,백종수,이상진,33000000
20260830,일요일,서울,8,16:30,1800,혼4등급,일반,핸디캡,R0~50,연령오픈,성별오픈,10,1,0053436,관악산스카이,한국,3,수,68,46,56.5,080582,빅투아르,070197,이준철,손병석,33000000
20260830,일요일,서울,8,16:30,1800,혼4등급,일반,핸디캡,R0~50,연령오픈,성별오픈,10,2,0047099,고스트크리솔,한국,5,거,68,46,56.5,080476,장추열,070146,안병기,한대영,33000000
20260830,일요일,서울,8,16:30,1800,혼4등급,일반,핸디캡,R0~50,연령오픈,성별오픈,10,3,0051305,태기산킹,한국,4,수,68,47,57,080602,임다빈,070096,서범석,최성룡,33000000
20260830,일요일,서울,8,16:30,1800,혼4등급,일반,핸디캡,R0~50,연령오픈,성별오픈,10,4,0043840,남산무적,한국,7,수,68,42,54.5,080562,이동하,070174,강성오,이기선,33000000
20260830,일요일,서울,8,16:30,1800,혼4등급,일반,핸디캡,R0~50,연령오픈,성별오픈,10,5,0056591,샤이닝로드,미국,4,거,68,47,57,080361,최범현,070289,성상현,이윤석,33000000
20260830,일요일,서울,8,16:30,1800,혼4등급,일반,핸디캡,R0~50,연령오픈,성별오픈,10,6,0055428,글로벌파로아,호주,4,거,68,36,52.5,080486,이혁,070148,정호익,장재형,33000000
20260830,일요일,서울,8,16:30,1800,혼4등급,일반,핸디캡,R0~50,연령오픈,성별오픈,10,7,0052957,브리도칼리,한국,3,수,68,41,54,080405,김용근,070293,정하백,조수영,33000000
20260830,일요일,서울,8,16:30,1800,혼4등급,일반,핸디캡,R0~50,연령오픈,성별오픈,10,8,0047548,하이폴리,한국,5,수,68,43,55,080578,김효정,070225,문병기,김은갑,33000000
20260830,일요일,서울,8,16:30,1800,혼4등급,일반,핸디캡,R0~50,연령오픈,성별오픈,10,9,0060799,진격의돌핀,호주,3,암,68,37,52.5,080533,조상범,070161,신삼영,서창식,33000000
20260830,일요일,서울,8,16:30,1800,혼4등급,일반,핸디캡,R0~50,연령오픈,성별오픈,10,10,0056399,핵다이아,미국,4,암,68,36,52.5,080611,푸르칸,070167,이신우,김아라,33000000
20260830,일요일,서울,9,17:25,1400,1등급,일반,핸디캡,R1~140,연령오픈,성별오픈,11,1,0046935,블랙벨트,한국(포),5,수,68,95,53,080530,정정희,070244,리카디,이강운,60500000
20260830,일요일,서울,9,17:25,1400,1등급,일반,핸디캡,R1~140,연령오픈,성별오픈,11,2,1412322,만대로,한국,5,수,68,83,52.5,080602,임다빈,070096,서범석,최성룡,60500000
20260830,일요일,서울,9,17:25,1400,1등급,일반,핸디캡,R1~140,연령오픈,성별오픈,11,3,0050265,벌교베리타스,한국,5,수,68,81,52.5,080624,루이스,070264,박지헌,유성훈,60500000
20260830,일요일,서울,9,17:25,1400,1등급,일반,핸디캡,R1~140,연령오픈,성별오픈,11,4,0052661,아이엠짱,미국,5,수,68,96,53.5,080582,빅투아르,070160,서홍수,조제형,60500000
20260830,일요일,서울,9,17:25,1400,1등급,일반,핸디캡,R1~140,연령오픈,성별오픈,11,5,1412299,지구라트,한국,5,거,68,96,53.5,080550,조재로,070181,이관호,김정철,60500000
20260830,일요일,서울,9,17:25,1400,1등급,일반,핸디캡,R1~140,연령오픈,성별오픈,11,6,0045783,슈퍼피니시,한국,6,수,68,102,56.5,080616,마이아,070170,김동균,강현철,60500000
20260830,일요일,서울,9,17:25,1400,1등급,일반,핸디캡,R1~140,연령오픈,성별오픈,11,7,0046388,섬싱로스트,한국,6,수,68,91,52.5,080486,이혁,070290,문세영,정춘복,60500000
20260830,일요일,서울,9,17:25,1400,1등급,일반,핸디캡,R1~140,연령오픈,성별오픈,11,8,0053724,어서말을해,미국,5,수,68,83,52.5,080617,코지,070200,최용건,우태율,60500000
20260830,일요일,서울,9,17:25,1400,1등급,일반,핸디캡,R1~140,연령오픈,성별오픈,11,9,1412290,거센반격,한국,5,거,68,81,51,080621,(-1)우인철,070181,이관호,강석대,60500000
20260830,일요일,서울,9,17:25,1400,1등급,일반,핸디캡,R1~140,연령오픈,성별오픈,11,10,0042821,대한질주,한국(포),8,수,68,90,52.5,080487,임기원,070177,김동철,박재범,60500000
20260830,일요일,서울,9,17:25,1400,1등급,일반,핸디캡,R1~140,연령오픈,성별오픈,11,11,0044092,빅스고,한국,7,수,68,107,59,080562,이동하,070304,이강서,이선호,60500000
20260830,일요일,서울,10,17:55,1200,혼3등급,일반,핸디캡,R1~65,연령오픈,성별오픈,10,1,0054119,불타는심장,미국,5,거,68,51,52.5,080562,이동하,070179,송문길,윤우환,41250000
20260830,일요일,서울,10,17:55,1200,혼3등급,일반,핸디캡,R1~65,연령오픈,성별오픈,10,2,0054782,거센빅맨,미국,4,수,68,43,51,080621,(-1)우인철,070181,이관호,강석대,41250000
20260830,일요일,서울,10,17:55,1200,혼3등급,일반,핸디캡,R1~65,연령오픈,성별오픈,10,3,0046888,파이널고,한국,5,거,68,42,51,080361,최범현,070170,김동균,럭키,41250000
20260830,일요일,서울,10,17:55,1200,혼3등급,일반,핸디캡,R1~65,연령오픈,성별오픈,10,4,0059224,무빙볼케이노,미국,3,수,68,58,55.5,080405,김용근,070290,문세영,권경자,41250000
20260830,일요일,서울,10,17:55,1200,혼3등급,일반,핸디캡,R1~65,연령오픈,성별오픈,10,5,0057339,히어로치타,미국,3,거,68,62,57.5,080617,코지,070265,토니,임재형,41250000
20260830,일요일,서울,10,17:55,1200,혼3등급,일반,핸디캡,R1~65,연령오픈,성별오픈,10,6,0056409,위즈리얼리티,미국,4,거,68,51,52.5,080486,이혁,070182,전승규,최몽주,41250000
20260830,일요일,서울,10,17:55,1200,혼3등급,일반,핸디캡,R1~65,연령오픈,성별오픈,10,7,0054793,드림아너,미국,4,수,68,60,56.5,080530,정정희,070163,박병일,배태후,41250000
20260830,일요일,서울,10,17:55,1200,혼3등급,일반,핸디캡,R1~65,연령오픈,성별오픈,10,8,0052514,봉화스테이,미국,5,거,68,60,56.5,080513,송재철,070182,전승규,럭키팜,41250000
20260830,일요일,서울,10,17:55,1200,혼3등급,일반,핸디캡,R1~65,연령오픈,성별오픈,10,9,0055430,프리더원,호주,4,수,68,57,55,080578,김효정,070225,문병기,김호진,41250000
20260830,일요일,서울,10,17:55,1200,혼3등급,일반,핸디캡,R1~65,연령오픈,성별오픈,10,10,0054786,히어로삭스,미국,4,거,68,62,57.5,080417,유승완,070181,이관호,김창식,41250000
