age,ageCond,buG1fAccTime,buG1fOrd,buG2fAccTime,buG2fOrd,buG3fAccTime,buG3fOrd,buG4fAccTime,buG4fOrd,buG6fAccTime,buG6fOrd,buG8fAccTime,buG8fOrd,buS1fAccTime,buS1fOrd,buS1fTime,bu_10_8fTime,bu_1fGTime,bu_2fGTime,bu_3fGTime,bu_4_2fTime,bu_6_4fTime,bu_8_6fTime,budam,buga1,buga2,buga3,chaksun1,chaksun2,chaksun3,chaksun4,chaksun5,chulNo,diffUnit,hrName,hrNameEn,hrNo,ilsu,jeG1fTime,jeG3fTime,jeS1fTime,je_1cTime,je_2cTime,je_3cTime,je_4cTime,jkName,jkNameEn,jkNo,meet,name,ord,owName,owNameEn,owNo,plcOdds,prizeCond,rank,rating,rcDate,rcDay,rcDist,rcName,rcNo,rcTime,seG1fAccTime,seG3fAccTime,seS1fAccTime,se_1cAccTime,se_2cAccTime,se_3cAccTime,se_4cAccTime,sex,sexCond,sjG1fOrd,sjG3fOrd,sjS1fOrd,sj_1cOrd,sj_2cOrd,sj_3cOrd,sj_4cOrd,trName,trNameEn,trNo,track,weather,wgBudam,wgHr,winOdds
2,2세,0,0,0,0,0,0,0,0,0,0,0,0,0,0,0,0,0,0,0,0,0,0,별정A,0,0,0,24750000,9900000,6300000,2250000,1800000,8,-,태평에스지,TAEPYEONG SG,0056576,66,0,0,0,0,0,0,0,안드레,Andre Luiz Da Silva,080625,서울,한국,1,에스지이건설,S G E co,121013,1.4,R0~0,국6등급,0,20260823,일요일,1000,일반,1,61,47.5,23.7,13.4,0,0,13.4,29.5,수,성별오픈,2,3,3,0,0,3,3,박재우,Park Jae Woo,070164,포화 (16%),맑음,54.5,465(+9),7.4
2,2세,0,0,0,0,0,0,0,0,0,0,0,0,0,0,0,0,0,0,0,0,0,0,별정A,0,0,0,24750000,9900000,6300000,2250000,1800000,4,코,라온카리스걸,RAON CHARIS GIRL,0056214,66,0,0,0,0,0,0,0,김태희,Kim Tae Hui,080603,서울,한국,2,손천수,Son Chun Soo,106025,1.5,R0~0,국6등급,0,20260823,일요일,1000,일반,1,61,48.7,25,14.1,0,0,14.1,31,암,성별오픈,5,6,6,0,0,6,6,이강서,Lee Kangseo,070304,포화 (16%),맑음,52.5,487(+7),5.6
2,2세,0,0,0,0,0,0,0,0,0,0,0,0,0,0,0,0,0,0,0,0,0,0,별정A,0,0,0,24750000,9900000,6300000,2250000,1800000,6,2½,루나삭스,LUNA SOCKS,0056731,66,0,0,0,0,0,0,0,마이아,Ruan Merari Maia,080616,서울,한국,3,김창식,Kim Chang Sik,010352,1.1,R0~0,국6등급,0,20260823,일요일,1000,일반,1,61.4,47.4,23.4,13.3,0,0,13.3,29.1,암,성별오픈,1,2,2,0,0,2,2,이신우,Lee Shin Woo,070167,포화 (16%),맑음,52.5,475(+7),1.7
2,2세,0,0,0,0,0,0,0,0,0,0,0,0,0,0,0,0,0,0,0,0,0,0,별정A,0,0,0,24750000,9900000,6300000,2250000,1800000,5,3,관악산점프,GWANAKSAN JUMP,0055194,66,0,0,0,0,0,0,0,빅투아르,Johan Victoire,080582,서울,한국,4,손병석,Son Byung Seok,123009,1.5,R0~0,국6등급,0,20260823,일요일,1000,일반,1,62,48.4,24.2,13.6,0,0,13.6,30.1,수,성별오픈,4,5,5,0,0,5,5,이준철,Lee Joon Chel,070197,포화 (16%),맑음,54.5,470(),6.9
2,2세,0,0,0,0,0,0,0,0,0,0,0,0,0,0,0,0,0,0,0,0,0,0,별정A,0,0,0,24750000,9900000,6300000,2250000,1800000,1,2,블랙타임,BLACK TIME,0056701,66,0,0,0,0,0,0,0,임다빈,Lim Da Bin,080602,서울,한국,5,강승호,Kang Seung Ho,214773,3,R0~0,국6등급,0,20260823,일요일,1000,일반,1,62.3,47.7,23.3,13.2,0,0,13.2,29.1,암,성별오픈,3,1,1,0,0,1,1,박지헌,Park Jee Heon,070264,포화 (16%),맑음,52.5,443(+6),11.2
2,2세,0,0,0,0,0,0,0,0,0,0,0,0,0,0,0,0,0,0,0,0,0,0,별정A,0,0,0,24750000,9900000,6300000,2250000,1800000,7,2½,스피드챔프,SPEED CHAMP,0060975,66,0,0,0,0,0,0,0,송재철,Song Jae Chul,080513,서울,한국,6,(주)디알엠씨티,D R M City,114026,4.1,R0~0,국6등급,0,20260823,일요일,1000,일반,1,62.8,49.2,25.1,14.3,0,0,14.3,31.1,수,성별오픈,6,7,8,0,0,8,7,송문길,Song Moon Gil,070179,포화 (16%),맑음,54.5,507(-4),21.3
2,2세,0,0,0,0,0,0,0,0,0,0,0,0,0,0,0,0,0,0,0,0,0,0,별정A,0,0,0,24750000,9900000,6300000,2250000,1800000,2,3,블루피니시,BLUE FINISH,0056452,66,0,0,0,0,0,0,0,유승완,Yoo Seung Wan,080417,서울,한국,7,강현철,Kang Hyeon Cheol,117017,10,R0~0,국6등급,0,20260823,일요일,1000,일반,1,63.3,50.1,25.4,14.2,0,0,14.2,31.8,수,성별오픈,8,8,7,0,0,7,8,김동균,Kim Dong Kyun,070170,포화 (16%),맑음,54.5,487(+12),34.7
2,2세,0,0,0,0,0,0,0,0,0,0,0,0,0,0,0,0,0,0,0,0,0,0,별정A,0,0,0,24750000,9900000,6300000,2250000,1800000,3,5,퍼스트서귀,FIRST SEOGWI,0055402,66,0,0,0,0,0,0,0,조상범,Jo Sang Beom,080533,서울,한국,8,서귀포시축협,Seogwipo Chukhyup,105081,13.5,R0~0,국6등급,0,20260823,일요일,1000,일반,1,64.2,49.3,24,13.6,0,0,13.6,30,수,성별오픈,7,4,4,0,0,4,4,성상현,Seong Sanghyun,070289,포화 (16%),맑음,54.5,488(+4),49.4
2,남3/북2,0,0,0,0,0,0,0,0,0,0,0,0,0,0,0,0,0,0,0,0,0,0,별정A,0,0,0,41250000,16500000,10500000,3750000,3000000,2,-,싱싱내쉬,SINGSING NASHE,0062429,66,0,0,0,0,0,0,0,조재로,Jo Jae Ro,080550,서울,미국,1,전석호,Jeon Seok Ho,114001,1,R0~50,혼4등급,38,20260823,일요일,1000,일반,2,58.8,46.4,23.5,13.2,0,0,13.2,29.4,수,성별오픈,1,1,1,0,0,1,1,배휴준,Bae Hou Jun,070144,포화 (16%),맑음,54.5,526(+9),1.4
2,남3/북2,0,0,0,0,0,0,0,0,0,0,0,0,0,0,0,0,0,0,0,0,0,0,별정A,0,0,0,41250000,16500000,10500000,3750000,3000000,1,7,지비플래시,G B FLASH,0061458,66,0,0,0,0,0,0,0,정정희,Jeong Jeong Hee,080530,서울,미국,2,손병석,Son Byung Seok,123009,1.8,R0~50,혼4등급,38,20260823,일요일,1000,일반,2,60.1,47.2,24.1,13.9,0,0,13.9,29.8,거,성별오픈,2,5,5,0,0,5,3,리카디,Luigi Riccardi,070244,포화 (16%),맑음,54.5,521(+5),7
2,남3/북2,0,0,0,0,0,0,0,0,0,0,0,0,0,0,0,0,0,0,0,0,0,0,별정A,0,0,0,41250000,16500000,10500000,3750000,3000000,4,7,클래식오텀,CLASSIC AUTUMN,0059223,66,0,0,0,0,0,0,0,안드레,Andre Luiz Da Silva,080625,서울,미국,3,권경자,KWON KYUNG JA,105222,1.9,R0~50,혼4등급,38,20260823,일요일,1000,일반,2,61.2,47.6,23.6,13.4,0,0,13.4,29.6,수,성별오픈,3,2,2,0,0,2,2,안병기,An Byung Ki,070146,포화 (16%),맑음,54.5,488(+2),7.4
2,남3/북2,0,0,0,0,0,0,0,0,0,0,0,0,0,0,0,0,0,0,0,0,0,0,별정A,0,0,0,41250000,16500000,10500000,3750000,3000000,3,1,플래시볼트,FLASH BOLT,0062614,66,0,0,0,0,0,0,0,김태훈,Kim Tae Hun,080512,서울,미국,4,김광두,Kim Gwang Du,109029,5.6,R0~50,혼4등급,38,20260823,일요일,1000,일반,2,61.4,48.4,24.5,14.1,0,0,14.1,30.5,수,성별오픈,6,6,7,0,0,7,6,문병기,Moon Byeong Ki,070225,포화 (16%),맑음,54.5,446(-5),40
2,남3/북2,0,0,0,0,0,0,0,0,0,0,0,0,0,0,0,0,0,0,0,0,0,0,별정A,0,0,0,41250000,16500000,10500000,3750000,3000000,9,2,나르샤고트,NAREUSYA GOAT,0062626,66,0,0,0,0,0,0,0,임다빈,Lim Da Bin,080602,서울,미국,5,(주)아진화학,A-Jin Chemical,125010,2.9,R0~50,혼4등급,38,20260823,일요일,1000,일반,2,61.8,47.8,23.8,13.4,0,0,13.4,29.9,수,성별오픈,4,3,3,0,0,3,4,정호익,Jung Ho Ik,070148,포화 (16%),맑음,54.5,567(-3),17.8
2,남3/북2,0,0,0,0,0,0,0,0,0,0,0,0,0,0,0,0,0,0,0,0,0,0,별정A,0,0,0,41250000,16500000,10500000,3750000,3000000,10,½,세종비상,SEJONG BISANG,0061539,66,0,0,0,0,0,0,0,마이아,Ruan Merari Maia,080616,서울,미국,6,정성진,Jung Sung Jin,122013,2.9,R0~50,혼4등급,38,20260823,일요일,1000,일반,2,61.8,48.1,24,13.5,0,0,13.5,30,수,성별오픈,5,4,4,0,0,4,5,이신우,Lee Shin Woo,070167,포화 (16%),맑음,54.5,476(+2),14.7
2,남3/북2,0,0,0,0,0,0,0,0,0,0,0,0,0,0,0,0,0,0,0,0,0,0,별정A,0,0,0,41250000,16500000,10500000,3750000,3000000,5,1½,마이티원더,MIGHTY WONDER,0062606,66,0,0,0,0,0,0,0,유승완,Yoo Seung Wan,080417,서울,미국,7,조병태,Cho Byung Tai,113005,2.2,R0~50,혼4등급,38,20260823,일요일,1000,일반,2,62.1,49.6,25.2,14.2,0,0,14.2,31.4,수,성별오픈,8,8,8,0,0,8,8,문세영,Moon Seyoung,070290,포화 (16%),맑음,54.5,478(+6),17.4
2,남3/북2,0,0,0,0,0,0,0,0,0,0,0,0,0,0,0,0,0,0,0,0,0,0,별정A,0,0,0,41250000,16500000,10500000,3750000,3000000,8,2½,황금승,HWANGGEUM SEUNG,0061534,66,0,0,0,0,0,0,0,송재철,Song Jae Chul,080513,서울,미국,8,송진석,Song Jin Seok,110002,5.3,R0~50,혼4등급,38,20260823,일요일,1000,일반,2,62.5,49.2,24.8,14,0,0,14,31,수,성별오픈,7,7,6,0,0,6,7,문병기,Moon Byeong Ki,070225,포화 (16%),맑음,54.5,431(-8),33.8
2,남3/북2,0,0,0,0,0,0,0,0,0,0,0,0,0,0,0,0,0,0,0,0,0,0,별정A,0,0,0,41250000,16500000,10500000,3750000,3000000,6,6,원평크라운,WONPYEONG CROWN,0061529,66,0,0,0,0,0,0,0,이혁,Lee Hyeok,080486,서울,미국,9,김용재,Kim Young Jae,106198,9.7,R0~50,혼4등급,38,20260823,일요일,1000,일반,2,63.5,50.1,25.6,15.1,0,0,15.1,31.7,수,성별오픈,9,9,10,0,0,10,9,정호익,Jung Ho Ik,070148,포화 (16%),맑음,54.5,476(-1),50.2
2,남3/북2,0,0,0,0,0,0,0,0,0,0,0,0,0,0,0,0,0,0,0,0,0,0,별정A,0,0,0,41250000,16500000,10500000,3750000,3000000,7,4,서리풀선샤인,SEORIPUL SUNSHINE,0061533,66,0,0,0,0,0,0,0,빅투아르,Johan Victoire,080582,서울,미국,10,박시용,Park Si Yong,010422,22.4,R0~50,혼4등급,38,20260823,일요일,1000,일반,2,64.2,50.5,25.6,15,0,0,15,31.7,수,성별오픈,10,10,9,0,0,9,10,서홍수,Seo Hong Soo,070160,포화 (16%),맑음,54.5,445(-3),92.5
3,연령오픈,0,0,0,0,0,0,0,0,0,0,0,0,0,0,0,0,0,0,0,0,0,0,별정A,0,0,0,16500000,6600000,4200000,1500000,1200000,11,-,대동용마,DAEDONGYONGMA,0053110,66,0,0,0,0,0,0,0,김태희,Kim Tae Hui,080603,서울,한국,1,이혜섭,Lee Hye Sup,123010,1.4,R0~0,국6등급,0,20260823,일요일,1400,일반,3,86.8,73.3,48.7,13.6,0,0,36.4,54.7,수,성별오픈,1,2,2,0,0,2,2,서인석,Seo In Seok,070165,포화 (16%),맑음,56,465(-2),2.4
3,연령오픈,0,0,0,0,0,0,0,0,0,0,0,0,0,0,0,0,0,0,0,0,0,0,별정A,0,0,0,16500000,6600000,4200000,1500000,1200000,6,3,블루하와이,BLUE HAWAII,0053853,66,0,0,0,0,0,0,0,코지,Kazuya Asano,080617,서울,한국,2,허용,Huh Yong,123032,7.9,R0~0,국6등급,0,20260823,일요일,1400,일반,3,87.4,74.1,49.5,14.3,0,0,37,55.5,수,성별오픈,2,7,8,0,0,8,5,토니,Tony Castanheira,070265,포화 (16%),맑음,56,510(+3),21.6
3,연령오픈,0,0,0,0,0,0,0,0,0,0,0,0,0,0,0,0,0,0,0,0,0,0,별정A,0,0,0,16500000,6600000,4200000,1500000,1200000,10,1¾,클러치월드,CLUTCH WORLD,0054040,66,0,0,0,0,0,0,0,김효정,Kim Hyo Jung,080578,서울,한국,3,조아건설(주),JoA Construction,125009,1.4,R0~0,국6등급,0,20260823,일요일,1400,일반,3,87.7,74.1,48.9,13.9,0,0,36.6,55.1,수,성별오픈,3,3,5,0,0,3,3,리카디,Luigi Riccardi,070244,포화 (16%),맑음,56,487(+4),3.4
3,연령오픈,0,0,0,0,0,0,0,0,0,0,0,0,0,0,0,0,0,0,0,0,0,0,별정A,0,0,0,16500000,6600000,4200000,1500000,1200000,5,4,송당질주,SONGDANG JILJU,0053355,66,0,0,0,0,0,0,0,김태현,Kim Tae Hyun,080599,서울,한국,4,제주축산개발,Che Ju Livestock Development Co.,030013,2.4,R0~0,국6등급,0,20260823,일요일,1400,일반,3,88.4,75,49.9,14.5,0,0,37.6,56.1,암,성별오픈,5,10,10,0,0,10,9,심승태,Shim Seung Tae,070166,포화 (16%),맑음,54,464(-7),14.2
3,연령오픈,0,0,0,0,0,0,0,0,0,0,0,0,0,0,0,0,0,0,0,0,0,0,별정A,0,0,0,16500000,6600000,4200000,1500000,1200000,4,5,서부킹,SEOBU KING,0054064,66,0,0,0,0,0,0,0,안드레,Andre Luiz Da Silva,080625,서울,한국,5,부건영,Bu Gun Young,104079,2,R0~0,국6등급,0,20260823,일요일,1400,일반,3,89.2,74.2,48.2,13.5,0,0,36,54.4,수,성별오픈,4,1,1,0,0,1,1,서인석,Seo In Seok,070165,포화 (16%),맑음,56,504(-4),6.4
3,연령오픈,0,0,0,0,0,0,0,0,0,0,0,0,0,0,0,0,0,0,0,0,0,0,별정A,0,0,0,16500000,6600000,4200000,1500000,1200000,8,2,강한프린세스,GANGHAN PRINCESS,0053410,66,0,0,0,0,0,0,0,조상범,Jo Sang Beom,080533,서울,한국,6,강수덕,Kang Su Deok,113028,4.7,R0~0,국6등급,0,20260823,일요일,1400,일반,3,89.6,76,49.7,14.1,0,0,37,56.1,암,성별오픈,8,8,7,0,0,7,8,성상현,Seong Sanghyun,070289,포화 (16%),맑음,54,428(-3),18.3
4,연령오픈,0,0,0,0,0,0,0,0,0,0,0,0,0,0,0,0,0,0,0,0,0,0,별정A,0,0,0,16500000,6600000,4200000,1500000,1200000,7,5,스마트그랜드,SMART GRAND,0050795,66,0,0,0,0,0,0,0,우인철,Woo In Cheol,080621,서울,한국,7,박정재,Park Jeong Jae,010801,4.6,R0~0,국6등급,0,20260823,일요일,1400,일반,3,90.4,76,49.5,13.9,0,0,36.8,55.8,수,성별오픈,9,6,4,0,0,6,7,문병기,Moon Byeong Ki,070225,포화 (16%),맑음,55,459(+4),26.2
3,연령오픈,0,0,0,0,0,0,0,0,0,0,0,0,0,0,0,0,0,0,0,0,0,0,별정A,0,0,0,16500000,6600000,4200000,1500000,1200000,3,목,델타최강,DELTA CHOEGANG,0053874,66,0,0,0,0,0,0,0,유승완,Yoo Seung Wan,080417,서울,한국,8,강균호,KANG KYUN HO,106030,2.1,R0~0,국6등급,0,20260823,일요일,1400,일반,3,90.5,75.5,49,14.1,0,0,36.7,55.4,거,성별오픈,6,4,6,0,0,5,4,함완식,Ham Wan Sik,070248,포화 (16%),맑음,56,458(+5),9.1
3,연령오픈,0,0,0,0,0,0,0,0,0,0,0,0,0,0,0,0,0,0,0,0,0,0,별정A,0,0,0,16500000,6600000,4200000,1500000,1200000,1,2½,태광프린스,TAEGWANG PRINCE,0053488,66,0,0,0,0,0,0,0,김옥성,Kim Ok Sung,080100,서울,한국,9,문창완,Moon Chun Wan,105003,10.4,R0~0,국6등급,0,20260823,일요일,1400,일반,3,90.9,76.4,49.9,14.4,0,0,37.5,56.4,수,성별오픈,10,9,9,0,0,9,10,배휴준,Bae Hou Jun,070144,포화 (16%),맑음,56,516(+11),49.5
3,연령오픈,0,0,0,0,0,0,0,0,0,0,0,0,0,0,0,0,0,0,0,0,0,0,별정A,0,0,0,16500000,6600000,4200000,1500000,1200000,2,5,케이퀸,K-QUEEN,0053695,66,0,0,0,0,0,0,0,이혁,Lee Hyeok,080486,서울,한국,10,최홍일,Choi Hong Il,110016,3.7,R0~0,국6등급,0,20260823,일요일,1400,일반,3,91.7,75.9,49.2,13.9,0,0,36.7,55.6,암,성별오픈,7,5,3,0,0,4,6,서범석,Seo Bum Seok,070096,포화 (16%),맑음,54,478(+7),21
4,연령오픈,0,0,0,0,0,0,0,0,0,0,0,0,0,0,0,0,0,0,0,0,0,0,별정A,0,0,0,16500000,6600000,4200000,1500000,1200000,9,-,스마트워리어,SMART WARRIOR,0050838,66,0,0,0,0,0,0,0,김태훈,Kim Tae Hun,080512,서울,한국,95,,,,0,R0~0,국6등급,0,20260823,일요일,1400,일반,3,0,0,0,0,0,0,0,0,암,성별오픈,0,0,0,0,0,0,0,,,,포화 (16%),맑음,54,(),0
3,연령오픈,0,0,0,0,0,0,0,0,0,0,0,0,0,0,0,0,0,0,0,0,0,0,핸디캡,0,0,0,24750000,9900000,6300000,2250000,1800000,7,-,케렌시아,QUERENCIA,0053350,65,0,0,0,0,0,0,0,루이스,Luis Felipe Quiroz Martinez,080624,서울,한국,1,김경민,Kim Kyung Min,010542,1.9,R1~35,국5등급,30,20260823,일요일,1300,일반,4,80.2,66.3,41.7,13.6,0,0,30.2,47.6,수,성별오픈,2,2,4,0,0,2,2,정호익,Jung Ho Ik,070148,포화 (16%),맑음,54.5,473(),5
3,연령오픈,0,0,0,0,0,0,0,0,0,0,0,0,0,0,0,0,0,0,0,0,0,0,핸디캡,0,0,0,24750000,9900000,6300000,2250000,1800000,8,코,랩처,RAPTURE,0053633,65,0,0,0,0,0,0,0,푸르칸,Furkan Yuksel,080611,서울,한국,2,강승연,Kang Seung Youn,065060,2.4,R1~35,국5등급,33,20260823,일요일,1300,일반,4,80.2,66.3,41.6,13.4,0,0,30.1,47.6,암,성별오픈,1,1,1,0,0,1,1,신삼영,Shin Sam Young,070161,포화 (16%),맑음,54,447(-1),6.1
3,연령오픈,0,0,0,0,0,0,0,0,0,0,0,0,0,0,0,0,0,0,0,0,0,0,핸디캡,0,0,0,24750000,9900000,6300000,2250000,1800000,4,코,나올오로라,NAOL AURORA,0052968,65,0,0,0,0,0,0,0,정정희,Jeong Jeong Hee,080530,서울,한국,3,이경호a,Lee Kyoung Ho A,121010,1.4,R1~35,국5등급,30,20260823,일요일,1300,일반,4,80.2,66.6,41.9,13.6,0,0,30.4,48,암,성별오픈,3,3,2,0,0,4,3,최용건,Choi Yong Geon,070200,포화 (16%),맑음,52.5,527(-9),3.8
4,연령오픈,0,0,0,0,0,0,0,0,0,0,0,0,0,0,0,0,0,0,0,0,0,0,핸디캡,0,0,0,24750000,9900000,6300000,2250000,1800000,9,1¾,한강판타스틱,HANGANG FANTASTIC,0050663,65,0,0,0,0,0,0,0,임다빈,Lim Da Bin,080602,서울,한국,4,조금제,Cho Geum Je,109017,7.6,R1~35,국5등급,31,20260823,일요일,1300,일반,4,80.5,67.2,42.1,13.8,0,0,30.6,48.1,수,성별오픈,5,6,7,0,0,7,5,임채덕,Lim Chae Deok,070198,포화 (16%),맑음,55,517(+5),44.6
3,연령오픈,0,0,0,0,0,0,0,0,0,0,0,0,0,0,0,0,0,0,0,0,0,0,핸디캡,0,0,0,24750000,9900000,6300000,2250000,1800000,2,1¾,위너삭스,WINNER SOCKS,0052910,65,0,0,0,0,0,0,0,우인철,Woo In Cheol,080621,서울,한국,5,김창식,Kim Chang Sik,010352,1.9,R1~35,국5등급,29,20260823,일요일,1300,일반,4,80.8,67.4,42.4,14.3,0,0,31,48.5,거,성별오픈,7,8,8,0,0,8,8,강성오,Kang Sung O,070174,포화 (16%),맑음,53,448(-9),7.6
4,연령오픈,0,0,0,0,0,0,0,0,0,0,0,0,0,0,0,0,0,0,0,0,0,0,핸디캡,0,0,0,24750000,9900000,6300000,2250000,1800000,3,¾,더선몬스터,THE SUN MONSTER,0054476,65,0,0,0,0,0,0,0,김효정,Kim Hyo Jung,080578,서울,한국,6,한명로,Han Myeong Ro,111053,1.4,R1~35,국5등급,30,20260823,일요일,1300,일반,4,80.9,67.2,42.1,13.7,0,0,30.6,48.3,수,성별오픈,4,5,6,0,0,6,6,조현수,Cho Hyun Soo,070199,포화 (16%),맑음,54.5,511(+8),3.6
3,연령오픈,0,0,0,0,0,0,0,0,0,0,0,0,0,0,0,0,0,0,0,0,0,0,핸디캡,0,0,0,24750000,9900000,6300000,2250000,1800000,6,½,만금다온,MANGEUM DAON,0053083,65,0,0,0,0,0,0,0,김정준,Kim Jeong Jun,080473,서울,한국,7,전영애,Jun Yung Ae,121048,4,R1~35,국5등급,27,20260823,일요일,1300,일반,4,81,67.3,41.9,13.6,0,0,30.3,48,거,성별오픈,6,4,3,0,0,3,4,심승태,Shim Seung Tae,070166,포화 (16%),맑음,53,485(-4),17.4
3,연령오픈,0,0,0,0,0,0,0,0,0,0,0,0,0,0,0,0,0,0,0,0,0,0,핸디캡,0,0,0,24750000,9900000,6300000,2250000,1800000,5,1,더클래식,THE CLASSIC,0054520,65,0,0,0,0,0,0,0,조재로,Jo Jae Ro,080550,서울,한국,8,김정철,Kim Jung Cheol,065122,4.3,R1~35,국5등급,29,20260823,일요일,1300,일반,4,81.2,67.5,42.7,14.9,0,0,31.6,48.6,수,성별오픈,8,9,9,0,0,9,9,이관호,Lee Gwan Ho,070181,포화 (16%),맑음,54,527(+9),14.8
6,연령오픈,0,0,0,0,0,0,0,0,0,0,0,0,0,0,0,0,0,0,0,0,0,0,핸디캡,0,0,0,24750000,9900000,6300000,2250000,1800000,1,5,붉은폭풍,BULGEUN POKPUNG,0046204,65,0,0,0,0,0,0,0,코지,Kazuya Asano,080617,서울,한국,9,홍상기,Hong Sang Gi,105194,4,R1~35,국5등급,34,20260823,일요일,1300,일반,4,82.1,67.7,42.2,13.7,0,0,30.6,48.4,수,성별오픈,9,7,5,0,0,5,7,서인석,Seo In Seok,070165,포화 (16%),맑음,56.5,476(+4),14.6
3,연령오픈,0,0,0,0,0,0,0,0,0,0,0,0,0,0,0,0,0,0,0,0,0,0,핸디캡,0,0,0,24750000,9900000,6300000,2250000,1800000,3,-,플라잉스마트,FLYING SMART,0053811,66,0,0,0,0,0,0,0,코지,Kazuya Asano,080617,서울,한국,1,김형순,Kim Hyeong Sun,110028,1.3,R1~35,국5등급,30,20260823,일요일,1300,일반,5,80.5,66.9,42.3,13.6,0,0,30.4,48.5,암,암,1,6,5,0,0,5,5,토니,Tony Castanheira,070265,포화 (16%),맑음,54.5,452(-1),3
4,연령오픈,0,0,0,0,0,0,0,0,0,0,0,0,0,0,0,0,0,0,0,0,0,0,핸디캡,0,0,0,24750000,9900000,6300000,2250000,1800000,2,코,청해스타,CHEONGHAE STAR,0051627,66,0,0,0,0,0,0,0,김효정,Kim Hyo Jung,080578,서울,한국,2,유수현,Ryu Soo Hyeun,121004,1.7,R1~35,국5등급,34,20260823,일요일,1300,일반,5,80.5,67,41.9,13.8,0,0,30.4,48.1,암,암,2,4,6,0,0,6,3,서인석,Seo In Seok,070165,포화 (16%),맑음,56.5,455(-1),5.4
3,연령오픈,0,0,0,0,0,0,0,0,0,0,0,0,0,0,0,0,0,0,0,0,0,0,핸디캡,0,0,0,24750000,9900000,6300000,2250000,1800000,1,2½,델타대천,DELTA DAECHEON,0052913,66,0,0,0,0,0,0,0,이용호,Lee Yong Ho,080547,서울,한국,3,강균호,KANG KYUN HO,106030,1.5,R1~35,국5등급,29,20260823,일요일,1300,일반,5,81,67.2,41.8,13.3,0,0,30,48.2,암,암,4,3,2,0,0,3,4,함완식,Ham Wan Sik,070248,포화 (16%),맑음,54,428(+15),4.9
4,연령오픈,0,0,0,0,0,0,0,0,0,0,0,0,0,0,0,0,0,0,0,0,0,0,핸디캡,0,0,0,24750000,9900000,6300000,2250000,1800000,8,4,이클립스마블,ECLIPSE MARVEL,0051387,66,0,0,0,0,0,0,0,송재철,Song Jae Chul,080513,서울,한국,4,조한수,Cho Han Su,122023,2.2,R1~35,국5등급,29,20260823,일요일,1300,일반,5,81.7,67.2,41.7,13.4,0,0,29.9,48,암,암,5,2,3,0,0,2,2,이준철,Lee Joon Chel,070197,포화 (16%),맑음,54,508(),6.4
5,연령오픈,0,0,0,0,0,0,0,0,0,0,0,0,0,0,0,0,0,0,0,0,0,0,핸디캡,0,0,0,24750000,9900000,6300000,2250000,1800000,4,머리,에클레어,ECLAIR,0047223,66,0,0,0,0,0,0,0,김옥성,Kim Ok Sung,080100,서울,한국,5,제이엘피코퍼레이션,JLP COR.,124020,7.9,R1~35,국5등급,23,20260823,일요일,1300,일반,5,81.7,68,42.9,14.1,0,0,31.4,49,암,암,7,7,7,0,0,7,7,서홍수,Seo Hong Soo,070160,포화 (16%),맑음,52,451(-4),41.4
3,연령오픈,0,0,0,0,0,0,0,0,0,0,0,0,0,0,0,0,0,0,0,0,0,0,핸디캡,0,0,0,24750000,9900000,6300000,2250000,1800000,7,1¼,카우보이퀸,COWBOY QUEEN,0059321,66,0,0,0,0,0,0,0,권중석,Kwon Jung Seok,080618,서울,한국,6,정범성,Jeong Beom Seong,116034,4.2,R1~35,국5등급,29,20260823,일요일,1300,일반,5,81.9,67.9,42.2,13.5,0,0,30.2,48.6,암,암,6,5,4,0,0,4,6,조현수,Cho Hyun Soo,070199,포화 (16%),맑음,52,457(-6),19
3,연령오픈,0,0,0,0,0,0,0,0,0,0,0,0,0,0,0,0,0,0,0,0,0,0,핸디캡,0,0,0,24750000,9900000,6300000,2250000,1800000,5,목,크레이지챔프,CRAZY CHAMP,0053514,66,0,0,0,0,0,0,0,김태희,Kim Tae Hui,080603,서울,한국,7,서창식,Seo Chang Sik,114004,1.7,R1~35,국5등급,31,20260823,일요일,1300,일반,5,82,67.2,41.5,13.2,0,0,29.6,47.8,암,암,3,1,1,0,0,1,1,신삼영,Shin Sam Young,070161,포화 (16%),맑음,55,472(-1),4
3,연령오픈,0,0,0,0,0,0,0,0,0,0,0,0,0,0,0,0,0,0,0,0,0,0,핸디캡,0,0,0,24750000,9900000,6300000,2250000,1800000,6,6,빛나리즈,BINNALEEDS,0053637,66,0,0,0,0,0,0,0,루이스,Luis Felipe Quiroz Martinez,080624,서울,한국,8,(주)디알엠씨티,D R M City,114026,3,R1~35,국5등급,27,20260823,일요일,1300,일반,5,82.9,68.4,43.7,14.3,0,0,32,49.7,암,암,8,8,8,0,0,8,8,박재우,Park Jae Woo,070164,포화 (16%),맑음,53,455(-1),18.2
4,연령오픈,0,0,0,0,0,0,0,0,0,0,0,0,0,0,0,0,0,0,0,0,0,0,핸디캡,0,0,0,24750000,9900000,6300000,2250000,1800000,1,-,학산태풍,HAKSAN TAEPUNG,0050684,66,0,0,0,0,0,0,0,안드레,Andre Luiz Da Silva,080625,서울,한국,1,황봉기,Hwang Bong Ki,119036,1.4,R1~35,국5등급,29,20260823,일요일,1200,일반,6,73.4,59.4,35.1,13.3,0,0,23.8,41,암,성별오픈,1,1,1,0,0,1,1,박병일,Park Byeong Il,070163,포화 (15%),맑음,52.5,490(-2),2.9
2,연령오픈,0,0,0,0,0,0,0,0,0,0,0,0,0,0,0,0,0,0,0,0,0,0,핸디캡,0,0,0,24750000,9900000,6300000,2250000,1800000,7,코,위즈크라운,WHIZ CROWN,0055597,66,0,0,0,0,0,0,0,송재철,Song Jae Chul,080513,서울,한국,2,최몽주,Choi Mong Ju,111028,1.3,R1~35,국5등급,30,20260823,일요일,1200,일반,6,73.4,60.2,35.5,13.3,0,0,24.1,41.5,암,성별오픈,5,4,3,0,0,3,4,문세영,Moon Seyoung,070290,포화 (15%),맑음,52.5,466(-6),2.4
3,연령오픈,0,0,0,0,0,0,0,0,0,0,0,0,0,0,0,0,0,0,0,0,0,0,핸디캡,0,0,0,24750000,9900000,6300000,2250000,1800000,4,1¼,유쾌한승자,YUKWAEHAN SEUNGJA,0052814,66,0,0,0,0,0,0,0,김효정,Kim Hyo Jung,080578,서울,한국,3,김영선,Kim Yeong Seon,119013,2,R1~35,국5등급,30,20260823,일요일,1200,일반,6,73.6,60,35.8,14,0,0,24.7,41.7,암,성별오픈,3,5,7,0,0,5,6,토니,Tony Castanheira,070265,포화 (15%),맑음,53,418(+7),8.8
4,연령오픈,0,0,0,0,0,0,0,0,0,0,0,0,0,0,0,0,0,0,0,0,0,0,핸디캡,0,0,0,24750000,9900000,6300000,2250000,1800000,10,3,타이거케이,TIGER K,0050761,66,0,0,0,0,0,0,0,김정준,Kim Jeong Jun,080473,서울,한국,4,강경운,Kang Gyeong Un,117025,2.9,R1~35,국5등급,34,20260823,일요일,1200,일반,6,74.1,59.9,35.8,14,0,0,24.7,41.6,거,성별오픈,2,6,8,0,0,6,5,송문길,Song Moon Gil,070179,포화 (15%),맑음,57,488(-2),9.9
4,연령오픈,0,0,0,0,0,0,0,0,0,0,0,0,0,0,0,0,0,0,0,0,0,0,핸디캡,0,0,0,24750000,9900000,6300000,2250000,1800000,6,1¼,럭키에이원,LUCKY A ONE,0050836,66,0,0,0,0,0,0,0,우인철,Woo In Cheol,080621,서울,한국,5,임영수,Lim Yeong Su,118005,5.5,R1~35,국5등급,27,20260823,일요일,1200,일반,6,74.4,60.3,35.5,13.5,0,0,24.2,41.5,암,성별오픈,6,3,4,0,0,4,3,함완식,Ham Wan Sik,070248,포화 (15%),맑음,51,479(+8),27.4
3,연령오픈,0,0,0,0,0,0,0,0,0,0,0,0,0,0,0,0,0,0,0,0,0,0,핸디캡,0,0,0,24750000,9900000,6300000,2250000,1800000,5,코,라온더플루마,RAON THE PLUMA,0053646,66,0,0,0,0,0,0,0,김태현,Kim Tae Hyun,080599,서울,한국,6,손천수,Son Chun Soo,106025,2.6,R1~35,국5등급,30,20260823,일요일,1200,일반,6,74.4,60,35.2,13.3,0,0,23.9,41.1,암,성별오픈,4,2,2,0,0,2,2,이강서,Lee Kangseo,070304,포화 (15%),맑음,53,459(-3),11.7
5,연령오픈,0,0,0,0,0,0,0,0,0,0,0,0,0,0,0,0,0,0,0,0,0,0,핸디캡,0,0,0,24750000,9900000,6300000,2250000,1800000,11,3,블랙스펙터,BLACK SPECTER,0047204,66,0,0,0,0,0,0,0,권중석,Kwon Jung Seok,080618,서울,한국,7,허영희,Heo Yeong Hui,104011,7.3,R1~35,국5등급,30,20260823,일요일,1200,일반,6,74.9,61.3,37.3,14.6,0,0,25.8,43.1,수,성별오픈,9,11,11,0,0,11,11,배휴준,Bae Hou Jun,070144,포화 (15%),맑음,53,465(+6),51.1
4,연령오픈,0,0,0,0,0,0,0,0,0,0,0,0,0,0,0,0,0,0,0,0,0,0,핸디캡,0,0,0,24750000,9900000,6300000,2250000,1800000,3,2½,글로리삭스,GLORY SOCKS,0055565,66,0,0,0,0,0,0,0,조상범,Jo Sang Beom,080533,서울,미국,8,김창식,Kim Chang Sik,010352,12.1,R1~35,국5등급,30,20260823,일요일,1200,일반,6,75.4,61.7,37.1,14.6,0,0,25.7,43.1,거,성별오픈,11,10,10,0,0,10,10,성상현,Seong Sanghyun,070289,포화 (15%),맑음,55,514(-7),58.9
4,연령오픈,0,0,0,0,0,0,0,0,0,0,0,0,0,0,0,0,0,0,0,0,0,0,핸디캡,0,0,0,24750000,9900000,6300000,2250000,1800000,9,1,아모스최강,AMOS CHOEGANG,0051859,66,0,0,0,0,0,0,0,정정희,Jeong Jeong Hee,080530,서울,한국,9,홍애란,Hong Ae Ran ,124009,4.3,R1~35,국5등급,28,20260823,일요일,1200,일반,6,75.5,61.2,36.3,13.7,0,0,24.8,42.2,거,성별오픈,7,8,5,0,0,8,7,최용건,Choi Yong Geon,070200,포화 (15%),맑음,54,484(+8),24.3
4,연령오픈,0,0,0,0,0,0,0,0,0,0,0,0,0,0,0,0,0,0,0,0,0,0,핸디캡,0,0,0,24750000,9900000,6300000,2250000,1800000,8,¾,하이퍼선더,HYPER THUNDER,0056413,66,0,0,0,0,0,0,0,조한별,Cho Han Byeol,080515,서울,미국,10,안영환,Ahn Young Hwan,010561,10.4,R1~35,국5등급,34,20260823,일요일,1200,일반,6,75.6,61.3,37,14.5,0,0,25.6,43,거,성별오픈,8,9,9,0,0,9,9,차우호,Cha Wooho,070305,포화 (15%),맑음,57,514(+10),58.4
3,연령오픈,0,0,0,0,0,0,0,0,0,0,0,0,0,0,0,0,0,0,0,0,0,0,핸디캡,0,0,0,24750000,9900000,6300000,2250000,1800000,2,½,나르샤노바,NAREUSYA NOVA,0053406,66,0,0,0,0,0,0,0,임다빈,Lim Da Bin,080602,서울,한국,11,(주)아진화학,A-Jin Chemical,125010,3.2,R1~35,국5등급,25,20260823,일요일,1200,일반,6,75.7,61.6,36.3,14,0,0,24.8,42.4,암,성별오픈,10,7,6,0,0,7,8,정호익,Jung Ho Ik,070148,포화 (15%),맑음,52.5,465(+2),16.6
4,연령오픈,0,0,0,0,0,0,0,0,0,0,0,0,0,0,0,0,0,0,0,0,0,0,핸디캡,0,0,0,33000000,13200000,8400000,3000000,2400000,7,-,글로벌서브,GLOBAL SERVE,0051855,66,0,0,0,0,0,0,0,코지,Kazuya Asano,080617,서울,한국,1,장재형,Jang Jae Hyeung,010611,2.1,R1~50,국4등급,49,20260823,일요일,1200,일반,7,72.7,59.1,35.3,13.2,0,0,23.9,41.1,거,성별오픈,1,1,2,0,0,2,1,정호익,Jung Ho Ik,070148,포화 (15%),맑음,57,498(-2),7.4
5,연령오픈,0,0,0,0,0,0,0,0,0,0,0,0,0,0,0,0,0,0,0,0,0,0,핸디캡,0,0,0,33000000,13200000,8400000,3000000,2400000,1,½,화산귀환,HWASANGWIHWAN,0046779,66,0,0,0,0,0,0,0,빅투아르,Johan Victoire,080582,서울,한국,2,씨유네트워크,Cu Network,114028,1.7,R1~50,국4등급,50,20260823,일요일,1200,일반,7,72.8,59.5,35.9,13.8,0,0,24.6,41.7,수,성별오픈,2,7,7,0,0,7,6,박재우,Park Jae Woo,070164,포화 (15%),맑음,57.5,487(+3),4.4
3,연령오픈,0,0,0,0,0,0,0,0,0,0,0,0,0,0,0,0,0,0,0,0,0,0,핸디캡,0,0,0,33000000,13200000,8400000,3000000,2400000,10,1,호라이즌스타,HORIZON STAR,0054312,66,0,0,0,0,0,0,0,루이스,Luis Felipe Quiroz Martinez,080624,서울,한국,3,김선식,Kim Sun Sik,106017,2.1,R1~50,국4등급,37,20260823,일요일,1200,일반,7,73,59.6,35.5,13.5,0,0,24.3,41.4,수,성별오픈,3,3,6,0,0,6,4,심승태,Shim Seung Tae,070166,포화 (15%),맑음,52.5,497(-12),7.7
4,연령오픈,0,0,0,0,0,0,0,0,0,0,0,0,0,0,0,0,0,0,0,0,0,0,핸디캡,0,0,0,33000000,13200000,8400000,3000000,2400000,9,4,빈체로큐,VINCERO CUE,0050849,66,0,0,0,0,0,0,0,조재로,Jo Jae Ro,080550,서울,한국,4,오종택,Oh Jong Taek,105212,5,R1~50,국4등급,42,20260823,일요일,1200,일반,7,73.7,59.7,35.5,13.3,0,0,24,41.3,거,성별오픈,4,4,3,0,0,3,3,서인석,Seo In Seok,070165,포화 (15%),맑음,53.5,490(+8),16.1
3,연령오픈,0,0,0,0,0,0,0,0,0,0,0,0,0,0,0,0,0,0,0,0,0,0,핸디캡,0,0,0,33000000,13200000,8400000,3000000,2400000,3,목,라온파이널,RAON FINAL,0053078,66,0,0,0,0,0,0,0,조한별,Cho Han Byeol,080515,서울,한국,5,손천수,Son Chun Soo,106025,2.8,R1~50,국4등급,45,20260823,일요일,1200,일반,7,73.7,60.1,35.6,13.5,0,0,24.3,41.6,암,성별오픈,5,5,5,0,0,5,5,이강서,Lee Kangseo,070304,포화 (15%),맑음,53,457(-17),7.5
5,연령오픈,0,0,0,0,0,0,0,0,0,0,0,0,0,0,0,0,0,0,0,0,0,0,핸디캡,0,0,0,33000000,13200000,8400000,3000000,2400000,5,1½,송암스카이,SONGAM SKY,0046590,66,0,0,0,0,0,0,0,김옥성,Kim Ok Sung,080100,서울,한국,6,송암축산,Song Am Livestock,121019,8.7,R1~50,국4등급,40,20260823,일요일,1200,일반,7,74,60.1,35.4,13.2,0,0,23.9,41.3,암,성별오픈,6,2,1,0,0,1,2,박병일,Park Byeong Il,070163,포화 (15%),맑음,52.5,471(+2),30.3
4,연령오픈,0,0,0,0,0,0,0,0,0,0,0,0,0,0,0,0,0,0,0,0,0,0,핸디캡,0,0,0,33000000,13200000,8400000,3000000,2400000,2,2½,퀀텀케이,QUANTUM K,0051429,66,0,0,0,0,0,0,0,김정준,Kim Jeong Jun,080473,서울,한국,7,강경운,Kang Gyeong Un,117025,2.2,R1~50,국4등급,44,20260823,일요일,1200,일반,7,74.4,60.5,36.4,13.9,0,0,24.9,42.2,수,성별오픈,8,8,8,0,0,8,8,송문길,Song Moon Gil,070179,포화 (15%),맑음,54.5,493(-4),7.3
3,연령오픈,0,0,0,0,0,0,0,0,0,0,0,0,0,0,0,0,0,0,0,0,0,0,핸디캡,0,0,0,33000000,13200000,8400000,3000000,2400000,11,1¾,레베랑스,REVERENCE,0052811,66,0,0,0,0,0,0,0,안드레,Andre Luiz Da Silva,080625,서울,한국,8,김길리,KIM Gil Li,125001,1.5,R1~50,국4등급,42,20260823,일요일,1200,일반,7,74.7,60.4,35.8,13.4,0,0,24.2,41.7,수,성별오픈,7,6,4,0,0,4,7,안병기,An Byung Ki,070146,포화 (15%),맑음,53.5,484(+7),3.7
4,연령오픈,0,0,0,0,0,0,0,0,0,0,0,0,0,0,0,0,0,0,0,0,0,0,핸디캡,0,0,0,33000000,13200000,8400000,3000000,2400000,4,1,거센폭주,GEOSEN POKJU,0051947,66,0,0,0,0,0,0,0,푸르칸,Furkan Yuksel,080611,서울,한국,9,강석대,Kang Seok Dae,105211,3.7,R1~50,국4등급,47,20260823,일요일,1200,일반,7,74.9,60.7,36.6,14.2,0,0,25.2,42.4,수,성별오픈,9,9,10,0,0,9,9,이신우,Lee Shin Woo,070167,포화 (15%),맑음,56,448(+8),12.7
6,연령오픈,0,0,0,0,0,0,0,0,0,0,0,0,0,0,0,0,0,0,0,0,0,0,핸디캡,0,0,0,33000000,13200000,8400000,3000000,2400000,8,8,스페셜타임,SPECIALTIME,0046342,66,0,0,0,0,0,0,0,김태희,Kim Tae Hui,080603,서울,한국,10,퍼플라인,Purple Line,121053,6.9,R1~50,국4등급,42,20260823,일요일,1200,일반,7,76.4,62.4,37.6,13.9,0,0,25.4,43.6,암,성별오픈,10,10,9,0,0,10,10,박윤규,Park Youn Gu,070117,포화 (15%),맑음,51.5,483(+4),24.3
4,연령오픈,0,0,0,0,0,0,0,0,0,0,0,0,0,0,0,0,0,0,0,0,0,0,핸디캡,0,0,0,33000000,13200000,8400000,3000000,2400000,6,-,컴플리트디바,COMPLETE DIVA,0051200,66,0,0,0,0,0,0,0,임기원,Lim Gi Won,080487,서울,한국,94,장석영,Jang Suk Young,010355,0,R1~50,국4등급,36,20260823,일요일,1200,일반,7,0,0,0,0,0,0,0,0,암,성별오픈,0,0,0,0,0,0,0,심승태,Shim Seung Tae,070166,포화 (15%),맑음,51,484(-3),0
3,연령오픈,0,0,0,0,0,0,0,0,0,0,0,0,0,0,0,0,0,0,0,0,0,0,핸디캡,0,0,0,33000000,13200000,8400000,3000000,2400000,4,-,정상히어로,JEONGSANG HERO,0060344,66,0,0,0,0,0,0,0,안드레,Andre Luiz Da Silva,080625,서울,미국,1,정동진,Jung Dong Jin,010298,1.4,R0~50,혼4등급,50,20260823,일요일,1700,일반,8,108.9,96,71.3,14.2,14.2,26.8,63.5,78.1,수,성별오픈,1,1,1,1,1,1,1,강환민,Kang Hwan Min,070175,다습 (13%),맑음,57.5,512(-8),2.6
3,연령오픈,0,0,0,0,0,0,0,0,0,0,0,0,0,0,0,0,0,0,0,0,0,0,핸디캡,0,0,0,33000000,13200000,8400000,3000000,2400000,11,6,송당스카이,SONGDANG SKY,0053020,66,0,0,0,0,0,0,0,유승완,Yoo Seung Wan,080417,서울,한국,2,제주축산개발,Che Ju Livestock Development Co.,030013,1.7,R0~50,혼4등급,41,20260823,일요일,1700,일반,8,110.1,96.7,71.6,14.3,14.3,27,63.7,78.4,암,성별오픈,2,2,2,2,2,2,2,백종수,Baek Jongsu,070300,다습 (13%),맑음,52.5,501(-13),5
4,연령오픈,0,0,0,0,0,0,0,0,0,0,0,0,0,0,0,0,0,0,0,0,0,0,핸디캡,0,0,0,33000000,13200000,8400000,3000000,2400000,5,1,칸맥스,KHAN MAX,0051630,66,0,0,0,0,0,0,0,김정준,Kim Jeong Jun,080473,서울,한국,3,배영한,Bae Young Han,122004,2.9,R0~50,혼4등급,47,20260823,일요일,1700,일반,8,110.2,97,72,15.2,15.2,27.7,64.3,78.9,거,성별오픈,4,4,8,8,7,6,5,서인석,Seo In Seok,070165,다습 (13%),맑음,56,513(-14),11.8
3,연령오픈,0,0,0,0,0,0,0,0,0,0,0,0,0,0,0,0,0,0,0,0,0,0,핸디캡,0,0,0,33000000,13200000,8400000,3000000,2400000,2,2,슈퍼데이,SUPERDAY,0053828,66,0,0,0,0,0,0,0,정정희,Jeong Jeong Hee,080530,서울,한국,4,강현철,Kang Hyeon Cheol,117017,3.1,R0~50,혼4등급,37,20260823,일요일,1700,일반,8,110.6,97,71.8,14.5,14.5,27.3,63.8,78.5,수,성별오픈,3,3,3,3,3,3,3,안병기,An Byung Ki,070146,다습 (13%),맑음,52.5,491(-18),8.9
4,연령오픈,0,0,0,0,0,0,0,0,0,0,0,0,0,0,0,0,0,0,0,0,0,0,핸디캡,0,0,0,33000000,13200000,8400000,3000000,2400000,7,4,급행열차,GEUPHAENG YEOLCHA,0055525,66,0,0,0,0,0,0,0,빅투아르,Johan Victoire,080582,서울,미국,5,김기종,Kim Ki Jong,106296,2,R0~50,혼4등급,47,20260823,일요일,1700,일반,8,111.2,98,72.3,15.2,15.2,27.8,64.5,79.3,암,성별오픈,6,8,9,9,9,9,7,문병기,Moon Byeong Ki,070225,다습 (13%),맑음,54,448(+10),8.4
4,연령오픈,0,0,0,0,0,0,0,0,0,0,0,0,0,0,0,0,0,0,0,0,0,0,핸디캡,0,0,0,33000000,13200000,8400000,3000000,2400000,1,¾,글로벌컴퓨팅,GLOBAL COMPUTING,0056592,66,0,0,0,0,0,0,0,우인철,Woo In Cheol,080621,서울,미국,6,장재형,Jang Jae Hyeung,010611,1.9,R0~50,혼4등급,47,20260823,일요일,1700,일반,8,111.3,97.4,72,14.9,14.9,27.4,64.3,78.8,거,성별오픈,5,6,4,4,4,7,4,전승규,Jeon Seung Gyu,070182,다습 (13%),맑음,55,542(),5.6
5,연령오픈,0,0,0,0,0,0,0,0,0,0,0,0,0,0,0,0,0,0,0,0,0,0,핸디캡,0,0,0,33000000,13200000,8400000,3000000,2400000,10,8,럭키붐,LUCKY BOOM,0054047,66,0,0,0,0,0,0,0,임다빈,Lim Da Bin,080602,서울,미국,7,황은호,Hwang Eun Ho,111007,7.4,R0~50,혼4등급,49,20260823,일요일,1700,일반,8,112.7,98.9,72.6,15.9,15.9,28.8,64.8,79.7,거,성별오픈,7,10,11,11,11,10,9,이관호,Lee Gwan Ho,070181,다습 (13%),맑음,57,427(+2),36.4
4,연령오픈,0,0,0,0,0,0,0,0,0,0,0,0,0,0,0,0,0,0,0,0,0,0,핸디캡,0,0,0,33000000,13200000,8400000,3000000,2400000,9,3,겨울장미,GYEOUL JANGMI,0051211,66,0,0,0,0,0,0,0,송재철,Song Jae Chul,080513,서울,한국,8,지앤지스타트(주),G&G START,125028,4.5,R0~50,혼4등급,37,20260823,일요일,1700,일반,8,113.3,99.4,72.4,15,15,27.7,64.3,79.8,암,성별오픈,9,9,7,7,8,8,10,송문길,Song Moon Gil,070179,다습 (13%),맑음,52.5,470(-1),21.6
5,연령오픈,0,0,0,0,0,0,0,0,0,0,0,0,0,0,0,0,0,0,0,0,0,0,핸디캡,0,0,0,33000000,13200000,8400000,3000000,2400000,8,1½,골드뭉치,GOLD MUNGCHI,0046716,66,0,0,0,0,0,0,0,조한별,Cho Han Byeol,080515,서울,한국,9,이기선,Lee Ki Sun,010516,4.3,R0~50,혼4등급,47,20260823,일요일,1700,일반,8,113.6,99.6,72.8,15.6,15.6,28.2,64.9,80.2,거,성별오픈,11,11,10,10,10,11,11,리카디,Luigi Riccardi,070244,다습 (13%),맑음,56,438(+1),17
5,연령오픈,0,0,0,0,0,0,0,0,0,0,0,0,0,0,0,0,0,0,0,0,0,0,핸디캡,0,0,0,33000000,13200000,8400000,3000000,2400000,3,2½,한강캡틴,HANGANG CAPTAIN,0046893,66,0,0,0,0,0,0,0,오수철,O Su Cheol,080608,서울,한국,10,조금제,Cho Geum Je,109017,11.6,R0~50,혼4등급,39,20260823,일요일,1700,일반,8,114,99,72,14.9,14.9,27.4,64.1,79.1,거,성별오픈,8,5,5,5,5,4,6,임채덕,Lim Chae Deok,070198,다습 (13%),맑음,52.5,519(-4),57.6
8,연령오픈,0,0,0,0,0,0,0,0,0,0,0,0,0,0,0,0,0,0,0,0,0,0,핸디캡,0,0,0,33000000,13200000,8400000,3000000,2400000,6,2,홀리데이참,HOLIDAY CHARM,0042869,66,0,0,0,0,0,0,0,조상범,Jo Sang Beom,080533,서울,한국,11,투애니포,Twenty Four,121063,17.3,R0~50,혼4등급,50,20260823,일요일,1700,일반,8,114.4,99.5,72.1,14.9,14.9,27.4,64.2,79.4,거,성별오픈,10,7,6,6,6,5,8,임채덕,Lim Chae Deok,070198,다습 (13%),맑음,57.5,472(),60
3,연령오픈,0,0,0,0,0,0,0,0,0,0,0,0,0,0,0,0,0,0,0,0,0,0,핸디캡,0,0,0,41250000,16500000,10500000,3750000,3000000,2,-,제너럴윈드,GENERAL WIND,0052955,66,0,0,0,0,0,0,0,푸르칸,Furkan Yuksel,080611,서울,한국,1,하늬바람,Ha Nui Ba Ram,117054,1.2,R1~65,혼3등급,63,20260823,일요일,1800,일반,9,114.9,102,77.1,13.9,19.7,32.6,69.3,84,수,성별오픈,1,1,1,1,1,1,1,김동철,Kim Dong Chul,070177,다습 (13%),맑음,56.5,523(),1.6
5,연령오픈,0,0,0,0,0,0,0,0,0,0,0,0,0,0,0,0,0,0,0,0,0,0,핸디캡,0,0,0,41250000,16500000,10500000,3750000,3000000,7,4,슈퍼블루문,SUPER BLUEMOON,0047439,66,0,0,0,0,0,0,0,조재로,Jo Jae Ro,080550,서울,한국,2,오종환,Oh Jong Hwan,065154,1.9,R1~65,혼3등급,55,20260823,일요일,1800,일반,9,115.5,102.8,77.7,14.8,20.7,33.4,69.8,84.5,거,성별오픈,2,4,4,4,4,4,3,심승태,Shim Seung Tae,070166,다습 (13%),맑음,52.5,462(+4),9.4
6,연령오픈,0,0,0,0,0,0,0,0,0,0,0,0,0,0,0,0,0,0,0,0,0,0,핸디캡,0,0,0,41250000,16500000,10500000,3750000,3000000,9,1½,비전파워,VISION POWER,0045934,66,0,0,0,0,0,0,0,유승완,Yoo Seung Wan,080417,서울,한국,3,손병현,Son Byeong Hyeon,112005,1.7,R1~65,혼3등급,55,20260823,일요일,1800,일반,9,115.8,102.8,77.9,15,20.9,33.7,70.2,84.6,수,성별오픈,3,5,7,7,6,6,4,김동철,Kim Dong Chul,070177,다습 (13%),맑음,52.5,482(+3),9.1
5,연령오픈,0,0,0,0,0,0,0,0,0,0,0,0,0,0,0,0,0,0,0,0,0,0,핸디캡,0,0,0,41250000,16500000,10500000,3750000,3000000,3,8,물레방아,MULLEBANGA,0047319,66,0,0,0,0,0,0,0,정정희,Jeong Jeong Hee,080530,서울,한국,4,김경국,KIM KYEONG KOOK,117043,3.9,R1~65,혼3등급,51,20260823,일요일,1800,일반,9,117.2,103.2,77.2,13.9,19.8,32.8,69.5,84.2,거,성별오픈,4,2,2,2,2,2,2,박병일,Park Byeong Il,070163,다습 (13%),맑음,52.5,497(-4),18.3
5,연령오픈,0,0,0,0,0,0,0,0,0,0,0,0,0,0,0,0,0,0,0,0,0,0,핸디캡,0,0,0,41250000,16500000,10500000,3750000,3000000,10,½,서머파티,SUMMER PARTY,1411620,66,0,0,0,0,0,0,0,루이스,Luis Felipe Quiroz Martinez,080624,서울,한국,5,정영식,Jeong Young Sik,104154,5.9,R1~65,혼3등급,55,20260823,일요일,1800,일반,9,117.3,104,77.9,14.9,20.7,33.4,69.9,85,암,성별오픈,6,6,6,5,5,5,6,이신우,Lee Shin Woo,070167,다습 (13%),맑음,52.5,504(),39
4,연령오픈,0,0,0,0,0,0,0,0,0,0,0,0,0,0,0,0,0,0,0,0,0,0,핸디캡,0,0,0,41250000,16500000,10500000,3750000,3000000,6,1¼,나소챗,NASSAU CHAT,0056404,66,0,0,0,0,0,0,0,임다빈,Lim Da Bin,080602,서울,미국,6,조금제,Cho Geum Je,109017,2.8,R1~65,혼3등급,54,20260823,일요일,1800,일반,9,117.5,104.4,78.3,15.3,21.2,34.1,70.6,85.4,거,성별오픈,7,9,8,8,8,9,8,임채덕,Lim Chae Deok,070198,다습 (13%),맑음,52.5,475(+3),19.3
5,연령오픈,0,0,0,0,0,0,0,0,0,0,0,0,0,0,0,0,0,0,0,0,0,0,핸디캡,0,0,0,41250000,16500000,10500000,3750000,3000000,4,½,울트라드래곤,ULTRA DRAGON,0052422,66,0,0,0,0,0,0,0,안드레,Andre Luiz Da Silva,080625,서울,미국,7,(주)메타플렉스,METAPLEX CO.,125014,1.4,R1~65,혼3등급,61,20260823,일요일,1800,일반,9,117.6,103.9,77.6,14.3,20.2,33.2,69.7,84.6,수,성별오픈,5,3,3,3,3,3,5,강환민,Kang Hwan Min,070175,다습 (13%),맑음,55.5,500(+6),4.7
4,연령오픈,0,0,0,0,0,0,0,0,0,0,0,0,0,0,0,0,0,0,0,0,0,0,핸디캡,0,0,0,41250000,16500000,10500000,3750000,3000000,8,6,울트라선더,ULTRA THUNDER,0054781,66,0,0,0,0,0,0,0,김옥성,Kim Ok Sung,080100,서울,미국,8,조건진,Cho Geon Jin,110017,6.8,R1~65,혼3등급,51,20260823,일요일,1800,일반,9,118.7,104.5,78.2,15.3,21.4,34.4,70.3,85.4,거,성별오픈,8,7,9,9,9,8,7,서인석,Seo In Seok,070165,다습 (13%),맑음,52.5,500(-7),50.2
8,연령오픈,0,0,0,0,0,0,0,0,0,0,0,0,0,0,0,0,0,0,0,0,0,0,핸디캡,0,0,0,41250000,16500000,10500000,3750000,3000000,5,7,케이엔라이트,K N LIGHT,0043403,66,0,0,0,0,0,0,0,조상범,Jo Sang Beom,080533,서울,한국,9,강승호,Kang Seung Ho,214773,6.3,R1~65,혼3등급,59,20260823,일요일,1800,일반,9,120,105.3,78.3,14.9,20.9,33.8,70.3,85.5,거,성별오픈,9,8,5,6,7,7,9,박지헌,Park Jee Heon,070264,다습 (13%),맑음,54.5,496(-3),27
5,연령오픈,0,0,0,0,0,0,0,0,0,0,0,0,0,0,0,0,0,0,0,0,0,0,핸디캡,0,0,0,41250000,16500000,10500000,3750000,3000000,1,-,엠케이리,MK LEE,1411893,66,0,0,0,0,0,0,0,김효정,Kim Hyo Jung,080578,서울,한국,95,,,,0,R1~65,혼3등급,58,20260823,일요일,1800,일반,9,0,0,0,0,0,0,0,0,수,성별오픈,0,0,0,0,0,0,0,,,,다습 (13%),맑음,54,(),0
4,연령오픈,0,0,0,0,0,0,0,0,0,0,0,0,0,0,0,0,0,0,0,0,0,0,핸디캡,0,0,0,49500000,19800000,12600000,4500000,3600000,2,-,라온사일런스,RAON SILENCE,0051560,66,0,0,0,0,0,0,0,조재로,Jo Jae Ro,080550,서울,한국,1,손천수,Son Chun Soo,106025,1.2,R1~80,2등급,68,20260823,일요일,1200,일반,10,71.3,58,34.6,13.2,0,0,23.7,40.3,암,성별오픈,1,1,2,0,0,1,1,이강서,Lee Kangseo,070304,다습 (13%),맑음,52.5,476(-7),2.2
5,연령오픈,0,0,0,0,0,0,0,0,0,0,0,0,0,0,0,0,0,0,0,0,0,0,핸디캡,0,0,0,49500000,19800000,12600000,4500000,3600000,8,4,드론킬러,DRONE KILLER,0050162,66,0,0,0,0,0,0,0,코지,Kazuya Asano,080617,서울,한국,2,이관형,Lee Kwan Hyeong,105163,2.1,R1~80,2등급,77,20260823,일요일,1200,일반,10,72,59.3,35.9,13.7,0,0,24.9,41.7,거,성별오픈,6,7,8,0,0,8,7,박재우,Park Jae Woo,070164,다습 (13%),맑음,57,507(-1),7.3
5,연령오픈,0,0,0,0,0,0,0,0,0,0,0,0,0,0,0,0,0,0,0,0,0,0,핸디캡,0,0,0,49500000,19800000,12600000,4500000,3600000,11,½,스팔타,SPALTA,0047422,66,0,0,0,0,0,0,0,김효정,Kim Hyo Jung,080578,서울,한국,3,김세권,Kim Se Gwon,111004,2.4,R1~80,2등급,74,20260823,일요일,1200,일반,10,72.1,58.6,34.9,13.2,0,0,23.9,40.7,거,성별오픈,2,4,4,0,0,3,3,박재우,Park Jae Woo,070164,다습 (13%),맑음,55.5,490(+4),6.8
5,연령오픈,0,0,0,0,0,0,0,0,0,0,0,0,0,0,0,0,0,0,0,0,0,0,핸디캡,0,0,0,49500000,19800000,12600000,4500000,3600000,7,3,강남불청객,GANGNAMBULCHUNGGAK,0046672,66,0,0,0,0,0,0,0,임기원,Lim Gi Won,080487,서울,한국,4,(주)나스카,Nasca,110034,4.7,R1~80,2등급,74,20260823,일요일,1200,일반,10,72.6,58.9,35.4,13.4,0,0,24.4,41.2,수,성별오픈,4,5,5,0,0,5,5,송문길,Song Moon Gil,070179,다습 (13%),맑음,55.5,488(-5),15.9
5,연령오픈,0,0,0,0,0,0,0,0,0,0,0,0,0,0,0,0,0,0,0,0,0,0,핸디캡,0,0,0,49500000,19800000,12600000,4500000,3600000,1,2,정상에이스,JEONGSANG ACE,0053937,66,0,0,0,0,0,0,0,김정준,Kim Jeong Jun,080473,서울,미국,5,정동진,Jung Dong Jin,010298,2.7,R1~80,2등급,70,20260823,일요일,1200,일반,10,73,59.7,35.6,13.6,0,0,24.7,41.4,수,성별오픈,7,6,7,0,0,6,6,강환민,Kang Hwan Min,070175,다습 (13%),맑음,53.5,485(-3),13.1
5,연령오픈,0,0,0,0,0,0,0,0,0,0,0,0,0,0,0,0,0,0,0,0,0,0,핸디캡,0,0,0,49500000,19800000,12600000,4500000,3600000,5,¾,엑설런트탄,EXCELLENT TAN,1412210,66,0,0,0,0,0,0,0,루이스,Luis Felipe Quiroz Martinez,080624,서울,한국,6,박준배,Park Jun Bae,106148,1.9,R1~80,2등급,70,20260823,일요일,1200,일반,10,73.1,59.8,36.3,14.1,0,0,25.2,42.1,거,성별오픈,8,8,10,0,0,9,8,김동균,Kim Dong Kyun,070170,다습 (13%),맑음,53.5,496(+4),8.1
5,연령오픈,0,0,0,0,0,0,0,0,0,0,0,0,0,0,0,0,0,0,0,0,0,0,핸디캡,0,0,0,49500000,19800000,12600000,4500000,3600000,10,1¾,뉴돌콩,NEW DOLKONG,0054036,66,0,0,0,0,0,0,0,유승완,Yoo Seung Wan,080417,서울,미국,7,이태인,Lee Tae In,010316,7.6,R1~80,2등급,74,20260823,일요일,1200,일반,10,73.4,60.4,36.5,14,0,0,25.2,42.5,수,성별오픈,9,10,9,0,0,10,10,서인석,Seo In Seok,070165,다습 (13%),맑음,55.5,529(+2),40.4
5,연령오픈,0,0,0,0,0,0,0,0,0,0,0,0,0,0,0,0,0,0,0,0,0,0,핸디캡,0,0,0,49500000,19800000,12600000,4500000,3600000,9,¾,스타트렉,STAR TREK,0046674,66,0,0,0,0,0,0,0,빅투아르,Johan Victoire,080582,서울,한국,8,(주)나스카,Nasca,110034,2.7,R1~80,2등급,66,20260823,일요일,1200,일반,10,73.6,58.8,34.7,13.1,0,0,23.8,40.3,거,성별오픈,3,2,1,0,0,2,2,조현수,Cho Hyun Soo,070199,다습 (13%),맑음,52.5,517(+9),7.5
4,연령오픈,0,0,0,0,0,0,0,0,0,0,0,0,0,0,0,0,0,0,0,0,0,0,핸디캡,0,0,0,49500000,19800000,12600000,4500000,3600000,6,코,마이티조이,MIGHTY JOY,0054730,66,0,0,0,0,0,0,0,김태희,Kim Tae Hui,080603,서울,미국,9,조제형,Cho Jae Hyang,122031,6.7,R1~80,2등급,67,20260823,일요일,1200,일반,10,73.6,59.2,34.9,13.2,0,0,24.1,40.8,수,성별오픈,5,3,3,0,0,4,4,서홍수,Seo Hong Soo,070160,다습 (13%),맑음,52,488(+26),25.1
5,연령오픈,0,0,0,0,0,0,0,0,0,0,0,0,0,0,0,0,0,0,0,0,0,0,핸디캡,0,0,0,49500000,19800000,12600000,4500000,3600000,3,¾,몬탁챗,MONTAUK CHAT,0054009,66,0,0,0,0,0,0,0,오수철,O Su Cheol,080608,서울,미국,10,조금제,Cho Geum Je,109017,8.4,R1~80,2등급,70,20260823,일요일,1200,일반,10,73.7,60.6,36.9,14.2,0,0,25.7,42.8,수,성별오픈,10,11,11,0,0,11,11,임채덕,Lim Chae Deok,070198,다습 (13%),맑음,53.5,482(-2),53.3
7,연령오픈,0,0,0,0,0,0,0,0,0,0,0,0,0,0,0,0,0,0,0,0,0,0,핸디캡,0,0,0,49500000,19800000,12600000,4500000,3600000,4,11,대사리,DAESARI,0044821,66,0,0,0,0,0,0,0,권중석,Kwon Jung Seok,080618,서울,한국,11,노만영,Noh Man Yeong,113025,8.8,R1~80,2등급,80,20260823,일요일,1200,일반,10,75.6,61.1,36.4,13.5,0,0,24.9,42.4,거,성별오픈,11,9,6,0,0,7,9,강환민,Kang Hwan Min,070175,다습 (13%),맑음,56.5,508(-11),34.5
